method,budget_percent,metric,bootstrap_mean,lower_95,upper_95,valid_replicates,invalid_replicates
raw_confidence_risk,,aurc,0.49194113595742595,0.4681541369201364,0.515401581933138,10000,0
raw_confidence_risk,5,workload,0.050004019488428746,0.03532277710109622,0.06577344701583435,10000,0
raw_confidence_risk,5,error_capture,0.1220661012562753,0.07879583322458851,0.17063495300240814,10000,0
raw_confidence_risk,5,random_expected_error_capture,0.050004019488428746,0.03532277710109622,0.06577344701583435,10000,0
raw_confidence_risk,5,automatic_predictions,6330.4297,5789.95,6891.0,10000,0
raw_confidence_risk,5,automatic_incorrect,4930.3997,4455.975,5424.025,10000,0
raw_confidence_risk,5,remaining_automatic_error_rate,0.7786898506991708,0.7628845830801755,0.7938956955239952,10000,0
raw_confidence_risk,5,absolute_error_reduction,0.008958551488851512,0.0038715989966663505,0.014839543036652645,10000,0
raw_confidence_risk,10,workload,0.09999196102314252,0.07917174177831912,0.12058465286236297,10000,0
raw_confidence_risk,10,error_capture,0.23746757537519744,0.18053371811829355,0.29712122057742174,10000,0
raw_confidence_risk,10,random_expected_error_capture,0.09999196102314252,0.07917174177831912,0.12058465286236297,10000,0
raw_confidence_risk,10,automatic_predictions,5563.338,5079.0,6068.0,10000,0
raw_confidence_risk,10,automatic_incorrect,4280.7538,3860.0,4717.0,10000,0
raw_confidence_risk,10,remaining_automatic_error_rate,0.7692945454981467,0.7527371904364798,0.7847583517618909,10000,0
raw_confidence_risk,10,absolute_error_reduction,0.018353856689875745,0.009710995806887298,0.027658303046358225,10000,0
raw_confidence_risk,20,workload,0.19973897685749084,0.17174177831912302,0.22777101096224117,10000,0
raw_confidence_risk,20,error_capture,0.44097431700677825,0.3795423850679654,0.5003568405416244,10000,0
raw_confidence_risk,20,random_expected_error_capture,0.19973897685749084,0.17174177831912302,0.22777101096224117,10000,0
raw_confidence_risk,20,automatic_predictions,4234.3622,3856.0,4633.0,10000,0
raw_confidence_risk,20,automatic_incorrect,3136.4786,2819.975,3472.0,10000,0
raw_confidence_risk,20,remaining_automatic_error_rate,0.7405471876422755,0.7217101227450583,0.7584251387706923,10000,0
raw_confidence_risk,20,absolute_error_reduction,0.047101214545746936,0.03407062541296714,0.061076414255524465,10000,0
calibrated_confidence_risk,,aurc,0.49194113595742595,0.4681541369201364,0.515401581933138,10000,0
calibrated_confidence_risk,5,workload,0.050004019488428746,0.03532277710109622,0.06577344701583435,10000,0
calibrated_confidence_risk,5,error_capture,0.1220661012562753,0.07879583322458851,0.17063495300240814,10000,0
calibrated_confidence_risk,5,random_expected_error_capture,0.050004019488428746,0.03532277710109622,0.06577344701583435,10000,0
calibrated_confidence_risk,5,automatic_predictions,6330.4297,5789.95,6891.0,10000,0
calibrated_confidence_risk,5,automatic_incorrect,4930.3997,4455.975,5424.025,10000,0
calibrated_confidence_risk,5,remaining_automatic_error_rate,0.7786898506991708,0.7628845830801755,0.7938956955239952,10000,0
calibrated_confidence_risk,5,absolute_error_reduction,0.008958551488851512,0.0038715989966663505,0.014839543036652645,10000,0
calibrated_confidence_risk,10,workload,0.09999196102314252,0.07917174177831912,0.12058465286236297,10000,0
calibrated_confidence_risk,10,error_capture,0.23746757537519744,0.18053371811829355,0.29712122057742174,10000,0
calibrated_confidence_risk,10,random_expected_error_capture,0.09999196102314252,0.07917174177831912,0.12058465286236297,10000,0
calibrated_confidence_risk,10,automatic_predictions,5563.338,5079.0,6068.0,10000,0
calibrated_confidence_risk,10,automatic_incorrect,4280.7538,3860.0,4717.0,10000,0
calibrated_confidence_risk,10,remaining_automatic_error_rate,0.7692945454981467,0.7527371904364798,0.7847583517618909,10000,0
calibrated_confidence_risk,10,absolute_error_reduction,0.018353856689875745,0.009710995806887298,0.027658303046358225,10000,0
calibrated_confidence_risk,20,workload,0.19973897685749084,0.17174177831912302,0.22777101096224117,10000,0
calibrated_confidence_risk,20,error_capture,0.44097431700677825,0.3795423850679654,0.5003568405416244,10000,0
calibrated_confidence_risk,20,random_expected_error_capture,0.19973897685749084,0.17174177831912302,0.22777101096224117,10000,0
calibrated_confidence_risk,20,automatic_predictions,4234.3622,3856.0,4633.0,10000,0
calibrated_confidence_risk,20,automatic_incorrect,3136.4786,2819.975,3472.0,10000,0
calibrated_confidence_risk,20,remaining_automatic_error_rate,0.7405471876422755,0.7217101227450583,0.7584251387706923,10000,0
calibrated_confidence_risk,20,absolute_error_reduction,0.047101214545746936,0.03407062541296714,0.061076414255524465,10000,0
class_consistency_risk,,aurc,0.7109104108174068,0.6901810167615504,0.7308109147025408,10000,0
class_consistency_risk,5,workload,0.04878172959805115,0.0341047503045067,0.06455542021924482,10000,0
class_consistency_risk,5,error_capture,0.10050239109398228,0.06472840253065938,0.1408323647798379,10000,0
class_consistency_risk,5,random_expected_error_capture,0.04878172959805115,0.0341047503045067,0.06455542021924482,10000,0
class_consistency_risk,5,automatic_predictions,6468.6423,5902.975,7058.025,10000,0
class_consistency_risk,5,automatic_incorrect,5052.3047,4562.0,5566.0,10000,0
class_consistency_risk,5,remaining_automatic_error_rate,0.7808947529870969,0.764974775318299,0.7962371172116711,10000,0
class_consistency_risk,5,absolute_error_reduction,0.006753649200925518,0.0030915966669125966,0.011204173092597065,10000,0
class_consistency_risk,10,workload,0.09982801461632156,0.07917174177831912,0.12058465286236297,10000,0
class_consistency_risk,10,error_capture,0.21623965962186048,0.1638396181943997,0.27191684323544585,10000,0
class_consistency_risk,10,random_expected_error_capture,0.09982801461632156,0.07917174177831912,0.12058465286236297,10000,0
class_consistency_risk,10,automatic_predictions,5701.3088,5183.975,6233.049999999999,10000,0
class_consistency_risk,10,automatic_incorrect,4400.9618,3959.0,4857.0,10000,0
class_consistency_risk,10,remaining_automatic_error_rate,0.7717570824813101,0.7540550718945243,0.7884224575395609,10000,0
class_consistency_risk,10,absolute_error_reduction,0.015891319706712204,0.009119490898734279,0.023753782273245334,10000,0
class_consistency_risk,20,workload,0.19366516443361753,0.1668696711327649,0.22168087697929353,10000,0
class_consistency_risk,20,error_capture,0.3889086116927122,0.3302203944967871,0.4489681206265403,10000,0
class_consistency_risk,20,random_expected_error_capture,0.19366516443361753,0.1668696711327649,0.22168087697929353,10000,0
class_consistency_risk,20,automatic_predictions,4523.8045,4078.975,5008.049999999999,10000,0
class_consistency_risk,20,automatic_incorrect,3430.6556,3043.0,3847.0,10000,0
class_consistency_risk,20,remaining_automatic_error_rate,0.7581105856885276,0.737918482852644,0.7771515286835874,10000,0
class_consistency_risk,20,absolute_error_reduction,0.029537816499494808,0.01798708266117803,0.041675060599418494,10000,0
localisation_stability_risk,,aurc,0.5645593726841039,0.5391260023202037,0.5897662225985647,10000,0
localisation_stability_risk,5,workload,0.04997247259439708,0.03532277710109622,0.06577344701583435,10000,0
localisation_stability_risk,5,error_capture,0.10550728130428151,0.06807566893119156,0.1492538584975955,10000,0
localisation_stability_risk,5,random_expected_error_capture,0.04997247259439708,0.03532277710109622,0.06577344701583435,10000,0
localisation_stability_risk,5,automatic_predictions,6435.0751,5882.0,7018.0,10000,0
localisation_stability_risk,5,automatic_incorrect,5023.9011,4541.975,5533.0,10000,0
localisation_stability_risk,5,remaining_automatic_error_rate,0.7805587038392842,0.7646951291072142,0.7957663114070189,10000,0
localisation_stability_risk,5,absolute_error_reduction,0.0070896983487382485,0.0028484340792587328,0.012132196561856724,10000,0
localisation_stability_risk,10,workload,0.09992436053593179,0.08038976857490865,0.12058465286236297,10000,0
localisation_stability_risk,10,error_capture,0.2023648904615114,0.1521569097849433,0.2558368871348329,10000,0
localisation_stability_risk,10,random_expected_error_capture,0.09992436053593179,0.08038976857490865,0.12058465286236297,10000,0
localisation_stability_risk,10,automatic_predictions,5794.2983,5269.0,6355.025,10000,0
localisation_stability_risk,10,automatic_incorrect,4479.213,4026.0,4959.025,10000,0
localisation_stability_risk,10,remaining_automatic_error_rate,0.7728679924614622,0.7555145763429598,0.7894201841957161,10000,0
localisation_stability_risk,10,absolute_error_reduction,0.014780409726560207,0.008198408265482252,0.0221015346660424,10000,0
localisation_stability_risk,20,workload,0.19973958587088916,0.17295980511571254,0.22655298416565164,10000,0
localisation_stability_risk,20,error_capture,0.3787255702596719,0.32052362855969035,0.4373823618481932,10000,0
localisation_stability_risk,20,random_expected_error_capture,0.19973958587088916,0.17295980511571254,0.22655298416565164,10000,0
localisation_stability_risk,20,automatic_predictions,4621.2072,4179.0,5104.0,10000,0
localisation_stability_risk,20,automatic_incorrect,3487.9621,3105.975,3910.0249999999996,10000,0
localisation_stability_risk,20,remaining_automatic_error_rate,0.7545277717697491,0.7340370789954206,0.774173619963974,10000,0
localisation_stability_risk,20,absolute_error_reduction,0.033120630418273234,0.0223122886481807,0.04516290646256169,10000,0
weighted_trustpcb_risk,,aurc,0.49148913432175995,0.46777494181451756,0.5149226686468421,10000,0
weighted_trustpcb_risk,5,workload,0.04992046285018271,0.03532277710109622,0.06577344701583435,10000,0
weighted_trustpcb_risk,5,error_capture,0.10987387442455974,0.07001689545306458,0.15524265943658005,10000,0
weighted_trustpcb_risk,5,random_expected_error_capture,0.04992046285018271,0.03532277710109622,0.06577344701583435,10000,0
weighted_trustpcb_risk,5,automatic_predictions,6406.4421,5858.0,6976.049999999999,10000,0
weighted_trustpcb_risk,5,automatic_incorrect,4999.2012,4516.975,5502.0,10000,0
weighted_trustpcb_risk,5,remaining_automatic_error_rate,0.780192143020095,0.764191653976908,0.7955837867984306,10000,0
weighted_trustpcb_risk,5,absolute_error_reduction,0.007456259167927402,0.003180130961668601,0.012487255542005167,10000,0
weighted_trustpcb_risk,10,workload,0.09981997563946407,0.08038976857490865,0.12058465286236297,10000,0
weighted_trustpcb_risk,10,error_capture,0.2000014856338837,0.15035521306705024,0.2534334914026068,10000,0
weighted_trustpcb_risk,10,random_expected_error_capture,0.09981997563946407,0.08038976857490865,0.12058465286236297,10000,0
weighted_trustpcb_risk,10,automatic_predictions,5822.2038,5297.0,6391.0,10000,0
weighted_trustpcb_risk,10,automatic_incorrect,4492.7006,4037.0,4976.049999999999,10000,0
weighted_trustpcb_risk,10,remaining_automatic_error_rate,0.7714797749502723,0.7540607985459318,0.7879961538220326,10000,0
weighted_trustpcb_risk,10,absolute_error_reduction,0.016168627237750095,0.009793537433183935,0.023380593527479933,10000,0
weighted_trustpcb_risk,20,workload,0.19978221680876979,0.17295980511571254,0.22777101096224117,10000,0
weighted_trustpcb_risk,20,error_capture,0.3430290302208122,0.2864660635012289,0.4012417544844756,10000,0
weighted_trustpcb_risk,20,random_expected_error_capture,0.19978221680876979,0.17295980511571254,0.22777101096224117,10000,0
weighted_trustpcb_risk,20,automatic_predictions,4863.288,4371.0,5389.0,10000,0
weighted_trustpcb_risk,20,automatic_incorrect,3689.1066,3273.975,4138.0,10000,0
weighted_trustpcb_risk,20,remaining_automatic_error_rate,0.7583369267296847,0.7395274961863151,0.7763862085595388,10000,0
weighted_trustpcb_risk,20,absolute_error_reduction,0.02931147545833778,0.01872032662793616,0.04081685790317079,10000,0
