method,achieved_crops,achieved_workload,budget_percent,nominal_crops,threshold,referred_crops,workload,referred_predictions,captured_incorrect,error_capture,referred_error_rate,automatic_predictions,automatic_incorrect,no_referral_error_rate,remaining_automatic_error_rate,absolute_error_reduction,random_expected_error_capture,random_expected_captured_incorrect,random_expected_referred_predictions
raw_confidence_risk,41,0.049939098660170524,5,41,0.9899041010066867,41.0,0.049939098660170524,798.0,685.0,0.12192951228195087,0.8583959899749374,6333.0,4933.0,0.7878277941382695,0.7789357334596557,0.008892060678613811,0.049939098660170524,280.557856272838,356.115712545676
raw_confidence_risk,82,0.09987819732034105,10,82,0.9898020355030894,82.0,0.09987819732034105,1564.0,1334.0,0.2374510501957992,0.8529411764705882,5567.0,4284.0,0.7878277941382695,0.7695347583977007,0.01829303574056884,0.09987819732034105,561.115712545676,712.231425091352
raw_confidence_risk,164,0.1997563946406821,20,164,0.9894293267279863,164.0,0.1997563946406821,2896.0,2481.0,0.44161623353506585,0.8566988950276243,4235.0,3137.0,0.7878277941382695,0.7407319952774498,0.047095798860819715,0.1997563946406821,1122.231425091352,1424.462850182704
calibrated_confidence_risk,41,0.049939098660170524,5,41,0.9936295930738688,41.0,0.049939098660170524,798.0,685.0,0.12192951228195087,0.8583959899749374,6333.0,4933.0,0.7878277941382695,0.7789357334596557,0.008892060678613811,0.049939098660170524,280.557856272838,356.115712545676
calibrated_confidence_risk,82,0.09987819732034105,10,82,0.9935662080426598,82.0,0.09987819732034105,1564.0,1334.0,0.2374510501957992,0.8529411764705882,5567.0,4284.0,0.7878277941382695,0.7695347583977007,0.01829303574056884,0.09987819732034105,561.115712545676,712.231425091352
calibrated_confidence_risk,164,0.1997563946406821,20,164,0.9933347346162636,164.0,0.1997563946406821,2896.0,2481.0,0.44161623353506585,0.8566988950276243,4235.0,3137.0,0.7878277941382695,0.7407319952774498,0.047095798860819715,0.1997563946406821,1122.231425091352,1424.462850182704
class_consistency_risk,40,0.048721071863580996,5,41,0.625,40.0,0.048721071863580996,662.0,565.0,0.10056959772160912,0.8534743202416919,6469.0,5053.0,0.7878277941382695,0.7811099087957953,0.006717885342474195,0.048721071863580996,273.71498172959804,347.4299634591961
class_consistency_risk,82,0.09987819732034105,10,82,0.5333333333333333,82.0,0.09987819732034105,1430.0,1217.0,0.216625133499466,0.8510489510489511,5701.0,4401.0,0.7878277941382695,0.7719698298544115,0.015857964283857995,0.09987819732034105,561.115712545676,712.231425091352
class_consistency_risk,159,0.19366626065773446,20,164,0.4,159.0,0.19366626065773446,2608.0,2188.0,0.3894624421502314,0.838957055214724,4523.0,3430.0,0.7878277941382695,0.7583462303780677,0.029481563760201834,0.19366626065773446,1088.0170523751522,1381.0341047503043
localisation_stability_risk,41,0.049939098660170524,5,41,0.4875717639229651,41.0,0.049939098660170524,694.0,592.0,0.10537557849768601,0.8530259365994236,6437.0,5026.0,0.7878277941382695,0.7807985086220289,0.007029285516240602,0.049939098660170524,280.557856272838,356.115712545676
localisation_stability_risk,82,0.09987819732034105,10,82,0.39966973900079283,82.0,0.09987819732034105,1335.0,1137.0,0.20238519045923817,0.851685393258427,5796.0,4481.0,0.7878277941382695,0.77311939268461,0.014708401453659481,0.09987819732034105,561.115712545676,712.231425091352
localisation_stability_risk,164,0.1997563946406821,20,164,0.35418015715243134,164.0,0.1997563946406821,2509.0,2129.0,0.3789604841580634,0.8485452371462734,4622.0,3489.0,0.7878277941382695,0.7548680225010818,0.032959771637187774,0.1997563946406821,1122.231425091352,1424.462850182704
weighted_trustpcb_risk,41,0.049939098660170524,5,41,0.9310489886477032,41.0,0.049939098660170524,723.0,617.0,0.10982556069775722,0.8533886583679114,6408.0,5001.0,0.7878277941382695,0.7804307116104869,0.007397082527782595,0.049939098660170524,280.557856272838,356.115712545676
weighted_trustpcb_risk,82,0.09987819732034105,10,82,0.9239604592252796,82.0,0.09987819732034105,1309.0,1125.0,0.20024919900320398,0.8594346829640948,5822.0,4493.0,0.7878277941382695,0.7717279285468911,0.016099865591378437,0.09987819732034105,561.115712545676,712.231425091352
weighted_trustpcb_risk,164,0.1997563946406821,20,164,0.9186685950307968,164.0,0.1997563946406821,2268.0,1929.0,0.3433606265574938,0.8505291005291006,4863.0,3689.0,0.7878277941382695,0.7585852354513675,0.029242558686902065,0.1997563946406821,1122.231425091352,1424.462850182704
