method_A,method_B,budget_percent,metric,observed_difference,bootstrap_mean,lower_95,upper_95,valid_replicates,invalid_replicates
weighted_trustpcb_risk,raw_confidence_risk,,aurc,-0.00045405520500507723,-0.0004520016356659129,-0.0008541012248374669,-5.403293939282299e-05,10000,0
weighted_trustpcb_risk,raw_confidence_risk,5,error_capture,-0.012103951584193653,-0.012192226831715553,-0.06765377451661478,0.042367270285017175,10000,0
weighted_trustpcb_risk,raw_confidence_risk,5,remaining_automatic_error_rate,0.0014949781508312165,0.0015022923209241092,-0.0040090561913096985,0.007161787078133328,10000,0
weighted_trustpcb_risk,raw_confidence_risk,10,error_capture,-0.037201851192595226,-0.03746608974131376,-0.11513497715907743,0.03889608076602443,10000,0
weighted_trustpcb_risk,raw_confidence_risk,10,remaining_automatic_error_rate,0.0021931701491904043,0.0021852294521256493,-0.008886641353345402,0.013188968916326487,10000,0
weighted_trustpcb_risk,raw_confidence_risk,20,error_capture,-0.09825560697757207,-0.0979452867859661,-0.17352425164223895,-0.02289641293005898,10000,0
weighted_trustpcb_risk,raw_confidence_risk,20,remaining_automatic_error_rate,0.01785324017391765,0.01778973908740916,0.0038969275259186755,0.03215624839691894,10000,0
weighted_trustpcb_risk,calibrated_confidence_risk,,aurc,-0.00045405520500507723,-0.0004520016356659129,-0.0008541012248374669,-5.403293939282299e-05,10000,0
weighted_trustpcb_risk,calibrated_confidence_risk,5,error_capture,-0.012103951584193653,-0.012192226831715553,-0.06765377451661478,0.042367270285017175,10000,0
weighted_trustpcb_risk,calibrated_confidence_risk,5,remaining_automatic_error_rate,0.0014949781508312165,0.0015022923209241092,-0.0040090561913096985,0.007161787078133328,10000,0
weighted_trustpcb_risk,calibrated_confidence_risk,10,error_capture,-0.037201851192595226,-0.03746608974131376,-0.11513497715907743,0.03889608076602443,10000,0
weighted_trustpcb_risk,calibrated_confidence_risk,10,remaining_automatic_error_rate,0.0021931701491904043,0.0021852294521256493,-0.008886641353345402,0.013188968916326487,10000,0
weighted_trustpcb_risk,calibrated_confidence_risk,20,error_capture,-0.09825560697757207,-0.0979452867859661,-0.17352425164223895,-0.02289641293005898,10000,0
weighted_trustpcb_risk,calibrated_confidence_risk,20,remaining_automatic_error_rate,0.01785324017391765,0.01778973908740916,0.0038969275259186755,0.03215624839691894,10000,0
