method,budget_percent,nominal_crops,threshold,achieved_crops,achieved_workload,referred_crops,workload,referred_predictions,captured_incorrect,error_capture,referred_error_rate,random_expected_error_capture,random_expected_captured_incorrect,random_expected_referred_predictions
raw_confidence_risk,5,41,0.9899041010066867,41,0.049939098660170524,41.0,0.049939098660170524,798.0,685.0,0.12192951228195087,0.8583959899749374,0.049939098660170524,280.557856272838,356.115712545676
raw_confidence_risk,10,82,0.9898020355030894,82,0.09987819732034105,82.0,0.09987819732034105,1564.0,1334.0,0.2374510501957992,0.8529411764705882,0.09987819732034105,561.115712545676,712.231425091352
raw_confidence_risk,20,164,0.9894293267279863,164,0.1997563946406821,164.0,0.1997563946406821,2896.0,2481.0,0.44161623353506585,0.8566988950276243,0.1997563946406821,1122.231425091352,1424.462850182704
calibrated_confidence_risk,5,41,0.9936295930738688,41,0.049939098660170524,41.0,0.049939098660170524,798.0,685.0,0.12192951228195087,0.8583959899749374,0.049939098660170524,280.557856272838,356.115712545676
calibrated_confidence_risk,10,82,0.9935662080426598,82,0.09987819732034105,82.0,0.09987819732034105,1564.0,1334.0,0.2374510501957992,0.8529411764705882,0.09987819732034105,561.115712545676,712.231425091352
calibrated_confidence_risk,20,164,0.9933347346162636,164,0.1997563946406821,164.0,0.1997563946406821,2896.0,2481.0,0.44161623353506585,0.8566988950276243,0.1997563946406821,1122.231425091352,1424.462850182704
class_consistency_risk,5,41,0.625,40,0.048721071863580996,40.0,0.048721071863580996,662.0,565.0,0.10056959772160912,0.8534743202416919,0.048721071863580996,273.71498172959804,347.4299634591961
class_consistency_risk,10,82,0.5333333333333333,82,0.09987819732034105,82.0,0.09987819732034105,1430.0,1217.0,0.216625133499466,0.8510489510489511,0.09987819732034105,561.115712545676,712.231425091352
class_consistency_risk,20,164,0.4,159,0.19366626065773446,159.0,0.19366626065773446,2608.0,2188.0,0.3894624421502314,0.838957055214724,0.19366626065773446,1088.0170523751522,1381.0341047503043
localisation_stability_risk,5,41,0.4875717639229651,41,0.049939098660170524,41.0,0.049939098660170524,694.0,592.0,0.10537557849768601,0.8530259365994236,0.049939098660170524,280.557856272838,356.115712545676
localisation_stability_risk,10,82,0.39966973900079283,82,0.09987819732034105,82.0,0.09987819732034105,1335.0,1137.0,0.20238519045923817,0.851685393258427,0.09987819732034105,561.115712545676,712.231425091352
localisation_stability_risk,20,164,0.35418015715243134,164,0.1997563946406821,164.0,0.1997563946406821,2509.0,2129.0,0.3789604841580634,0.8485452371462734,0.1997563946406821,1122.231425091352,1424.462850182704
weighted_trustpcb_risk,5,41,0.9310489886477032,41,0.049939098660170524,41.0,0.049939098660170524,723.0,617.0,0.10982556069775722,0.8533886583679114,0.049939098660170524,280.557856272838,356.115712545676
weighted_trustpcb_risk,10,82,0.9239604592252796,82,0.09987819732034105,82.0,0.09987819732034105,1309.0,1125.0,0.20024919900320398,0.8594346829640948,0.09987819732034105,561.115712545676,712.231425091352
weighted_trustpcb_risk,20,164,0.9186685950307968,164,0.1997563946406821,164.0,0.1997563946406821,2268.0,1929.0,0.3433606265574938,0.8505291005291006,0.1997563946406821,1122.231425091352,1424.462850182704
