image,fold_id,component_id
images/train/0006194.jpg,2,a28b5d51b744f4a4568a970a2b5d4ecb625547d60b130c09d345dd1552cc2234
images/train/0045408.jpg,0,979b20c9f0d9cdb835722eee6f188159e231cda38ac006a872e95a6ca0096657
images/train/0048868.jpg,3,fec8e7d89e5dd9f39a0d2763b974cd90f30b67b21a54525e6393a11f6e4e3e4d
images/train/0058380.jpg,2,08064f15deaa55c38db4930c0c614b9ef58ce528ea84f0a676a06db20fcf7e00
images/train/0059120.jpg,1,32fa9815f4a7b82d6e954e10273cd2fce760ab86ac7e0ef9d4427ecc9320a872
images/train/0061887.jpg,2,10ce281cb847177f66da7e19657b3c5876f36ac04f0d3e32c65ad8c9ffb38fad
images/train/0061956.jpg,3,b5eb59d8980b7922e496d10eba16149652021bf7255f15de9db9792723bc4b5c
images/train/0061974.jpg,2,8e43abb3571349842b281ca541c7f7f3f6e4f7d510b4c2a4abe162f1c9a9ab69
images/train/0063023.jpg,3,22ab8f7c17d6823921522e4757f631b45985371ee4baf0fc17344b96a8dd98f9
images/train/0063030.jpg,4,4916a25750095439a9f644991c5d0fc447ec6b53f8d2017f2e2c26d5f885f9b0
images/train/0063118.jpg,1,ca799450357698c1c9c6d3b93a1edabc1f4715183b715f0a2b80d40e5f3ac245
images/train/0065376.jpg,4,2f7bb58051940abe8eeac670a1729b15079d9c561b5e64ead659e92fcbd19ad7
images/train/0065596.jpg,3,692108d5abd37f98c0556ae120a217e9b97b4de39e473dfc5d29dc0e1fe54286
images/train/0065902.jpg,3,47e08d223d25bb01df6c40a2b8646687feecbe26218f693026359344f10f140c
images/train/0065939.jpg,3,12fbed58ec2b7363fbce7d53f9ba7785450e5dcb8554c6068e264f0f76cbd5fb
images/train/0065943.jpg,3,1e160c66699188794d2c96d25cd1889ba1ae5295de903668841af07056d2c05a
images/train/0065947.jpg,3,7337b5711c47c9badc2577d02771e0a07f207a297cb050e5acf2825b90c2cbee
images/train/0065977.jpg,2,be814049cc4599728f9a28d7ef9cbd54d69ebb1c7a005e2fcdcbe541da5e5693
images/train/0066130.jpg,0,83fba80079edda5bb3f6b4f8add3d051208aa8a782b97d9e7e8c2dad78c088d8
images/train/0067329.jpg,1,6860289d090a2e580d6ce5a137f576069b5d5787902a2322d3f07c081c4642da
images/train/0067993.jpg,4,d0acc0a0a98079340bbec07f1b9bedaa8c429cb7dadfcfa4782824167b42c226
images/train/0068026.jpg,2,2c79c255ec0d0f25cec3077177c89205fe4f5283283494f09f99fc8e51e288e9
images/train/0068071.jpg,0,88c848ef0b8692990d365565b70decc2022d1c36f67fcc8c0ffbd262ae67a3c9
images/train/0068096.jpg,1,117e5182d4dae7c1d76f5b92f2f24fcfff13f4921debde96f14ba41c957f728b
images/train/0068728.jpg,4,79e151611a3fa3253d1b503319054f0188f42984d787cb34d947e1bfa252e0ba
images/train/0069406.jpg,3,aef4ccb617596c7448b74094854383c1da694a28626afe4d98532d2d8454b9cf
images/train/0072520.jpg,3,5c905d39b279b651cefad8e70c9d824791aafd637f5d871a85571cdbd9b553c1
images/train/0075059.jpg,0,47f1add0d7854c559ab2d4cda9ae49201078845ae48b0c079a6ad92f920d4724
images/train/0079911.jpg,3,8450a39447a683674f7d76bd4516ca165ccf204569002cda879fe6c299d45104
images/train/0080268.jpg,4,fb7074bc2c3bdb94e4f491b3ead72c6986bebcf3880022a663df50b5086c2674
images/train/0084218.jpg,2,9740bba065e0499fbf1180e8e609c4a2dddcde79579cd58e359fd50a6c0afed2
images/train/0093085.jpg,4,375428c56abaf621e5671e7c33fe5aa3a1a1b7b3f9ef168908bfa69f27da6c8f
images/train/0097802.jpg,4,3e0b3e05df9593b935908ea0786254d6b40fbb92be51de9883f1d3eeeb8889ee
images/train/0098796.jpg,3,be9f6f468c3482b79f7e620c475d7bd96c5969994851814e168be3ba425c6251
images/train/0100794.jpg,0,73009fee18e25bcd460176a32e72801e1e247008982d9c69424f251ab638b43d
images/train/0105983.jpg,4,c913ed404ecee60a1c6c6c3b1c5ae4d6a2ad9ce198bb199fdd801133f9f9eb9a
images/train/0106237.jpg,2,87818f57ac05c0781e2c43effcd49697e9c542d40abe7da1e04e600f43173b08
images/train/0107314.jpg,4,d9ea6c7b2ef95095dcbde4465a22514175a5a197b24ba1c6ae544cf1919e717a
images/train/0107421.jpg,0,3722f3c4d9372ad5d757229dd39012564452424fe9a3e7bb1e5dcd44725b7e5c
images/train/0108219.jpg,2,919aff47273ce39a43bd42718bbf2081cc74a6b714434ddac879f0b88ff8baa9
images/train/0108367.jpg,3,b7aec462b2b5fe3e1f48621ada395a4f37f2904784017a8693fd84c3ec0924b8
images/train/0124142.jpg,4,f1908b089a312fc2d7131b5384b2e6e949a79b64c24ca964ff2f0dbec550cbfc
images/train/0149825.jpg,1,68e75b74bc4d922fbb07c0ae5b3154d0990b0029aa54504c99ba2df7cddf9edf
images/train/0223193.jpg,2,a031446b5bef0fc3f34413da68e921238c2c6035b63bb755ca25731d1fbf3b1c
images/train/0223464.jpg,1,3a4b3ff6e72efb26197f62b857603aa4bf3e0745375076cbba9661f708158dca
images/train/0273269.jpg,1,1dbadc9ca856edb5307591d12c4dd5169e5decb4db5db483926116073f457754
images/train/0335581.jpg,0,307a8e77467d2566072898b56240d77594d37f9b253cc6d343a7b74bd0a92bb5
images/train/0341843.jpg,3,640812fb3d2ee562e42aa18ffdb90e7229986462c7af1a522a57d7f90dff0041
images/train/0344893.jpg,1,b22b480572699e1f05e04f5b57d4c040474d1fdf68f99caa06132388f1db5cf6
images/train/0344980.jpg,1,ed1e7472607ab3a2efcc99749eceeb5c417e84de61af79fa65d80c4847fea7fa
images/train/0344995.jpg,2,3c5e20b0046363d2a6381f5147d1c71fedf2401be2b0dcc6259052ffbb5355cb
images/train/0345170.jpg,2,778b3270f0401b4c6c319cf1919dc651abd0ffd558e2f207e9025a9de2976221
images/train/0352319.jpg,4,f5ffbc0787800f409888f031e5ee885f8d2dd75c869fba7f90250f60a090dedd
images/train/0357225.jpg,3,5f4b2d8f69edbb9355fb7ca91e676927a4507cf3e07b808e29242db5cec9a289
images/train/0370467.jpg,2,4a53a3caced3844faf61838460471d54177d98d22fc364e6652c2c5aa07d81f0
images/train/0370597.jpg,4,498ae11f73a78c62fea615becae4fe2bf6f0f6ff8fb896f85b8c45496cb4224c
images/train/0370611.jpg,2,5ae583137c0a30b9aa38b5ab706371579aa543e5fc3ebe4f9a05ac5e7f0ae793
images/train/0370652.jpg,2,12acc3953c6bfe2397a031671a3e3a29c0b6450595fe83fe5b20f254d943d1ca
images/val/0370676.jpg,2,12acc3953c6bfe2397a031671a3e3a29c0b6450595fe83fe5b20f254d943d1ca
images/train/0371737.jpg,0,4970f0d25c96963b4b57d883a3cfef0dcddced065403e2e4388b2c65b546305d
images/train/0372822.jpg,0,117cb7e448fb4b62ddfd69d5e621760a650c0161dc48b3a28d5209abc5ecd577
images/train/0373458.jpg,2,c42be5a690dd3309c540b25aa218739ef8e6a5c797e3fd2bfe5a6eeb0ee60761
images/train/0373538.jpg,3,0f6b7fe744280a8d8a284cbfc8bf9953efd666cf86863094d4301074cab6095b
images/train/0373725.jpg,3,9e4f47503027fdf28da8aee1704c710e861960702874b1e3e11a0559893a90a8
images/train/0373938.jpg,3,4005a088d5051e3d2671bb8dcfe857e48985b0d3764c9ec82de70e9464053c39
images/train/0374232.jpg,2,49d85e9548709d3dd6f6f8d5caa3431a61c524d07d9890154316702c768b0e90
images/train/0374307.jpg,3,0fd91b27cb7a820366c1046886696973a0ae3398cee02a84b1e8706d52f13b9c
images/train/0374722.jpg,4,1c86862aed99638d68303c7b33845ffb5c694756ff01ffa2f92d28d520280d0e
images/train/0374773.jpg,0,f23060cd49ac0276cacb7255a88a1eb0b6debd36ce1537228ac10aae48d167b1
images/train/0374823.jpg,3,2a09af9199f2c3b823bd25c75ec3c09122aa789e25737c4e9c4b53b998e920eb
images/train/0375514.jpg,2,43380a5e9506c438c169aceb4b3c1241c3631523987e7c67b0f2dc550d9f9a0e
images/train/0375522.jpg,2,1d2543787ba3269e3aa6a3e96eae8cc3b5fc4e2d3176413b847ccdf0c29c25bf
images/train/0375527.jpg,3,b54b9588104a3e2ef8f021435109b01bb5041b3df85f9a0655b54bb72850655f
images/train/0376073.jpg,1,5077881ef28d6660bbe942ddc1f32ec7648bd26322e4c030fc8131fe511318d5
images/train/0376357.jpg,1,0d5e8c57b57a18044e98a1d145cc3795dfafdd2d5a0817b286c5a8be8190621d
images/train/0376375.jpg,1,d0660b8f81890edb4373622a455372eb63a1c8f9687bd2c80a0e40a0b2a09931
images/train/0376450.jpg,4,9b7a78489ec00452fc2d1554905f39ea2fc0f463be15a4c09757e66705554359
images/train/0377363.jpg,3,ef83e952a27019595587d4add93e9073632b1e6f8d6e9e9995dcb13e24926f71
images/train/0377507.jpg,2,deae028feb7aaf1dacb7b1524f094b5eda28e6600d3ac3932d69f0db98fefb9f
images/train/0377739.jpg,0,e85ff202423548d7158a8ef4ac467cff16b7d5b1371c7fbd93ec146b57815164
images/train/0377845.jpg,0,786035fc59199219ca76742739d7afe09e2e5e73491a071e3f24cbde73378e7e
images/train/0378117.jpg,4,3d22292179022dbacdeb2028fab4900975eb016bd4c370727de28e2318d5a18f
images/train/0378183.jpg,2,e3f7b0cfdfee9227c49f50c0854c7bc6d2fffd0209ba123dfcb01b5afca82f2c
images/train/0378723.jpg,3,f9a866362a7f1cd2b24dfa189250a451ed84d106417a1b4b7acaf7ac2172a9fc
images/train/0378737.jpg,4,072f4c6df82dc1c1e2a27baf6e0642b97b5429a3851e9abdc2f3b165b521ae61
images/train/0390841.jpg,0,98e932c2f0d74795f80b72e0244a1ff2ef82f972c34a4c866608286f8eb6f4aa
images/train/0390881.jpg,2,e656e50f95a8377d9293b4f6c3c4d9da02e0dbd4f4d9736136a48c98c746476c
images/train/0390915.jpg,2,6b57042fb072b2d933125160062d56ee66fc901d62b5cfe6a0bfab4137106d1f
images/train/0390929.jpg,1,f391ef7076c92ac8d80f7b4a3cd3d08f00f1467603d322c1085157cf61db4925
images/train/0392410.jpg,0,94787f3ebc687d7d5884412879ffa4e8291dc169104d0d978fa646f5012c7b3b
images/train/0392531.jpg,1,3cc1c30e283d440f8cdbbed291572ac45d5a99879db58a56f179dfd54e30291f
images/train/0394635.jpg,2,88f543f9d505bb4056f8b831abc1a2a3e4c7bf70bc28a9fd299a04b2d8cd6ec1
images/train/03947.jpg,3,fc43af43b3e45bc11d6e00339b87a99b66365d44c829ff3c93ae67a8c61d7beb
images/train/0395903.jpg,1,96d02b881f83d41f0f2887a9fa7d96cf8147ac96a7f106d514a4c24ed038108d
images/train/0396118.jpg,1,6cfd2110960fb6b8d4d3dd593695cf3edade1614b710ed72170e1e0c8d65befb
images/train/0396126.jpg,2,e47003afa8ee3ef0c9be72eb2e3a0535c12f4a4831e0cfbad76a34cfd970bc0f
images/train/0396128.jpg,3,bb0084bd82a1ac7e66c03a3ed84205c3b3c6fe1e601cee19532e68896b71513a
images/train/0398670.jpg,2,5c4160326f73cbb7b251b2cccfb533c137944076ace5fe12cebc0424e0853e70
images/train/0399260.jpg,1,69480c4b1ee1092a67ffb23f4a50fcf1d49b4b84412f7a78deff6e0783e1c5cd
images/train/0399701.jpg,0,b68dbb6f8b0bee34ada9b15b9942b8b33d7848e2ebd0e9205bd1f5b24eede6a5
images/train/0404763.jpg,3,e5f69fbb4ff6bf494a91e705b49055017eb83476e4955e3025544c8e7b1a9423
images/train/0406416.jpg,3,42283c16cd756a75199d544392208c6f5b25b52201b6971a6e116596e6c2673a
images/train/0407749.jpg,4,86fc3e522bde84c7df0165fe7a74d865d65f773ff706b6b3079a0115d6b5555e
images/train/0409436.jpg,1,751e74cbcac0432e557a32213842c2116f9c78cb087eadc1477168b44f3dbe44
images/train/0413982.jpg,3,add3f0fc7c78da0ef7620ddfa02414107bf56191beeafbaa9fbd66cd85c9ec78
images/train/0416512.jpg,4,09c95779d3f53ea0ec273af12e89d5864201c5647ae945f2c3a505fe3b5a4152
images/train/0418786.jpg,0,444d988a9251a7f0c2a1cbc37cc97b073c4df1b647e5f1fe99310c0767784a17
images/train/0418788.jpg,4,2521b8b4287ca26c9c317dd722354e56745dac84639299f209f43314a3dbb65b
images/train/0419091.jpg,1,b873263d55e8bb5d9d30e94ac439248e5259246d4f6b254696712fd2a33a009f
images/train/0422855.jpg,2,b6ca29f0fa0d53d285ca7b08b9edb7e455c61b14aff31135b57513cfed4edb4e
images/train/0424339.jpg,4,a85a9cb5120a2a8f65fb4531de4653f7c73563b992d0f836f1c902c09b20351e
images/train/0430383.jpg,4,d79e4f8ad67823af99642fa812dc4a35af82861b5ac6748e348740cd6cc37769
images/train/0430711.jpg,2,ec362029a4d5ca47c79a5e0e66c459f5b026b26733b971186946fd5867b238c8
images/train/0432245.jpg,3,56d618ff78c276210fe6ff4710d84fb7ba5763eb4e557706af43492cec55580a
images/train/1005_data.jpg,1,2fad1ad2755dd8be41ba1e6233631be9e0040b7ffd5dbb482766cad73449423d
images/train/1011_data.jpg,1,6f753d04a78348872ada3e0f8de0201835ddff21cb8fa3db2294fd1e16a4d45d
images/train/1084_data.jpg,3,ac386cf065d4c5be0bfa41e8b2e7adc28136e87c94b2eb34a7bee18e6615687b
images/train/11097.jpg,4,23a9165c4c7e6bbc0dde4457d18c7675d11f617a83e72005305fb85674b31be7
images/train/1183_data.jpg,4,aa2287522648b5510ec6d8df62be28dbde74d9885ff420e2375749b65761b73b
images/train/1212_data.jpg,0,83d6c29511ea2f4bfd0f235f3d08bc5191fc6809c4668ecbb1ba4937473f4186
images/train/1332_data.jpg,1,47c437413815eb98c93d63819c5de9cf614fc114c0f303791b98564d7aaa4177
images/train/1334_data.jpg,3,fbc53f7a5575522b8c7d7fd02adc501e990729961e53a2b7c9ab2715c478e86c
images/train/1337_data.jpg,1,19f2e49fd2c0187223ea4e503fd5b33a2ffdc3f0f2faa1e9b83a0edbc72dea55
images/train/1347_data.jpg,0,7ba6403fbf70e103d19ca0a151c72434e4137eb86df6bcac61edf2c09be5726c
images/train/1425_data.jpg,2,41cd6521d8274221022b8da724c7d88da330f64c2859bd929e82115c2d8e6a21
images/train/14609.jpg,1,7926c16ed6ddb49e4d8ea830f9666896c47ee8e1d86e59a95f9dc8af176b19b7
images/train/2369_data.jpg,3,8d241f2cba7bd6624cd44315aa84bef2c2df38efd4b3aa698361f1cdac298b72
images/train/2373_data.jpg,2,844500e34aeb6806da6b90d5e105922df08a97a9ce58edd7875267deb58c0e44
images/train/546_data.jpg,3,29097b63fca89f020a146583780ec826818de7589b2b73882a73e944aba0bd14
images/train/AAA (2).jpg,4,bcd294fa87175a6d5108a92c0e68fde26168af6b7fce6f2269ddd23a79bdfc66
images/train/AAA (3).jpg,4,003da62375d3dbff0deda2c29bc4e80380268fa9ea82c557701a9b3d6625a421
images/train/E_002011.jpg,2,4dae91303d909413f2520393f359f0bbf7cb760338787886c5576727e7350f18
images/train/E_003318.jpg,2,554edfd164b8e3cd03a3642c3ccc09a7558262526320adb77055fd86d988c99b
images/train/E_003329.jpg,0,924204315b838bc8554d4fee06433ed92137861a13820d51fdd0fec5484a1e97
images/train/E_003341.jpg,3,06537b65b83f05b04fd6e0b75d01a9d27b9780331a01a705e90818da54580556
images/train/E_003363.jpg,1,27b18d3cd06089d2cba7bcb68ba3b3955aaff7b596a97a5aacc351a293006500
images/train/E_003365.jpg,2,8f7a2aec1927ca039649910d019fd4bd39e7534b136fdd9d7220872fce9ffd03
images/train/E_003378.jpg,4,8e92692f31821076f5ec5999bd1da43beb4444312dfd51f5315e1a843d2c9ae0
images/train/E_003380.jpg,1,44fd6abc989b7e8c8f23ef40dbb73c77e65c75977513affeaf958ece742c5f9c
images/train/E_003394.jpg,2,038048e4ffcdee079955677973db3754092dac4cfd961bd15a44534a134ef62b
images/train/E_003395.jpg,3,8bd2770a5de851ab52bd5bf25ecc2129075ac0295111bff38218762aebd6f78f
images/train/E_003433.jpg,4,d7573662e5f7d8f5c3d8c563eb35d29aea29d9e1410bf7c2330028958c96d978
images/train/E_003434.jpg,4,dd5daa7c1cef5ffe4b3a7b4952514e3bef3bd79cdf3fe8f24c11cb2565c1fd34
images/train/E_003442.jpg,0,eb13a9518572ba85d468bc8aed70f163552396ca410d6a5d946a4f0443fad54b
images/train/E_003452.jpg,4,8271a92905d77d25ff108271a0cda9f9bf6b858b5cbb2a107d813ec772345b7f
images/train/E_003453.jpg,3,7e51d3aa2ee00843ef80ea5d52cdbf922bd2fba9f3e8daa4d512dca9c7cae838
images/train/E_003459.jpg,1,8d7a2890bafe1d49844016c680768c0ad42c47ce2d770298c7bd071360cfff1c
images/train/E_003460.jpg,1,e463df22061e2187fc3b11c8e8c52e33acdc09b55201ac224dc5f1604636fac2
images/train/E_003464.jpg,2,5b4f4586721e67c8ed208e0bd5c783da7967751d047d768f4d2820d19d50b19a
images/train/E_003493.jpg,1,dadf6bf56a2b9f02c9e0cb3aa2c391f29d7ede4e10cb989702db3dbe4f4360e0
images/train/E_003545.jpg,2,d1c1189363ee0c6232e92a3cf43210964131659d59d2a62eaaaf3269c29a2dde
images/train/E_003547.jpg,1,f52421855899976a48202ead858dc01eab142c0f4a0b2165470940062b7397e5
images/train/E_003551.jpg,4,a2482d1c227790ffb26cf96cc580c83ac6e7ef54dbb437ca5bbc8015bd22267a
images/train/E_003566.jpg,4,32b5567a8e697cc26b350856e7dc92dae0f0b084bcc409feb209b8c8ef2527ff
images/train/E_003585.jpg,1,36fff7b27c449f552047deec84943fd86a5da40416e8e287de69ff368c418412
images/train/E_003595.jpg,2,95f6a054ae6a6379cda9390962e67aeb9d7d918483d914e711af151176954c16
images/train/E_003601.jpg,4,c198233c0f93a471c262b87ea691ef0c09f036aeb192367baab8029bd2395582
images/train/E_003615.jpg,2,8fb2fd745195de1e070f63c8dbb49ef00e9baebbf8d98d0cb2ff3e60054e1b3f
images/train/E_003623.jpg,1,1ac71cfdc79a4ef17f0c864b2cedb7475de578e4f123d51c0feb80b4a56e8b5b
images/train/E_003657.jpg,2,c3405e8f9a12bb39aec2c7e79b7e62fcfc92740f1a7aa370cbbc78ecaad05e60
images/train/E_003840.jpg,3,847d30523e80da1e2a4544f45d14d9eb589ea4374ee37c3a6626f0b8034d07e0
images/train/E_005148.jpg,2,d97c3f07a13c7b1c7f4c39dd998495eff2179aa3794ef68d344aee2cff88c638
images/train/E_005498.jpg,2,b3d43ddbcc22c7ff16f7fd6fa31c8950c1417c05a3964aea5bd94abde5e97e98
images/train/E_007424.jpg,2,c0d5e574cd86735cd156c3262ba6ffbeebdae57782418c18b99f81649fa6d698
images/train/E_010343.jpg,0,f6d4682cdfe8595036600d4b6351f8173bcecb5fd1e9c3758e5450e2a407ff4a
images/train/E_011129.jpg,0,afb6422906f9202af3ccb3f43687ec45713639b70ddb51a7fe7b2a74b9c12939
images/train/E_012618.jpg,0,11af40db668258a34484a67ba760f72f9d4a46f64cb76ce86c669bfa477b3c29
images/train/S_10004166.jpg,4,cc980ac34e0bdba18d80592df3e2e6883b9c1f0b86d6aba6daab14685274a545
images/train/S_10004278.jpg,0,a7fc996da55da83c077752b5c00abb1ef8fbd9e90ff8a41269b4634473e4f01a
images/train/S_10004587.jpg,2,ab2c5e9fa001b1daf7e37bb1dc3efde4956078e64ae3f69542f1dfe63c128e13
images/train/S_10004896.jpg,4,8dabe12869a4b30c13a645defb4b37caa09a3ab687987b6db0c83b8a18c2973a
images/train/S_10005140.jpg,2,50e3d6e49e09c0cf8b3831453125bc7d918eca6d6a69cffe38faee5122c62556
images/train/S_10005602.jpg,2,1b79f8acc24b74a50e74c40eb75063913eb6dd798fd406f2456acd6d81692b2d
images/train/S_10007295.jpg,2,ba8b74c2aa24256c5c8570f02e9f9a62364284a57938b5ed2b8850e9e2e1a1f9
images/train/S_10009551.jpg,3,86e66b6dfece874d27a91d0e92247d11c0c8130c39bb710db3a6c216908002a1
images/train/S_10009966.jpg,2,1ca93738b263eb13705d9d9ff79a97793f1b9f99a3a62d4def2a4a3db3a517cd
images/train/S_10010112.jpg,2,2b11512ef182439286ea8ee0f93bdca2817b3747c46b7f71f8493c35189f9c28
images/train/S_10010598.jpg,2,6b8f013677d6a7d5c1468df79fc0ba9feab8ef35db7c45e55e2b10006701ea88
images/train/S_10011982.jpg,0,2ace92d8b5eac8d691eb218c1852b0674ed0cd9ac226762dbc777b1cf73ffdd4
images/train/S_10012851.jpg,0,1a2c839af69e5336666b46b4f7f1324cb7ddb5c054fc3bb1639645d903120162
images/train/S_10014378.jpg,2,333123c42c5dce52158d3bd5c6fd0217770bf5aea92dcf42ac3fd2470b650941
images/train/S_10014938.jpg,2,d2f45c4367872de8abba30ade2feb2bb20704a9e95a4f91d1b09577724a7bd11
images/train/S_10026888.jpg,2,2f292193a18a139b36c1db94c5069a94bb7abce5f1265e1f70549ab0c528dac9
images/train/S_10028597.jpg,1,1d44b96af7f6a960804f9de614278da79bb1c78b24b91c5e17c1e8420a26c657
images/train/S_10028796.jpg,4,8df0c8844c102c790fd9fd9ff9fa13cbbd0c08bc7a38dd52aaaa5c791080dcd1
images/train/S_10028829.jpg,3,6cf67943a20f160f012f823095d8293ac8b39f7b9979611942be328297b17fb6
images/train/S_10029106.jpg,1,3f521b4c50e64c104e6b057bff85eeb523121a0c99ee5ec1817d405229870b34
images/train/S_10029348.jpg,0,2b028e20c176c59cc3d39676246035b3cda0cbccec9dc63773b6457d2ed1a701
images/train/S_10031044.jpg,4,d7bd48775cf68eec95a29c21fdc3f639a4a6b71feb8ca82dc0bdd9fbc83ebc94
images/train/S_10031230.jpg,0,59daea4769dc4cb3fa139f3b5e95f50298f4a480d0f8bc8e7109dba6fa2c2dc0
images/train/S_10031704.jpg,0,c9d732e05b0e170b65dccbd5d94d544f0cd6504cdd04958df42c66c432bb8aeb
images/train/S_10036032.jpg,3,55be58f27dc84f8713dc99fd0cd48265b8d5b64d41fb2f90108c6bb0c263bf14
images/train/S_10037262.jpg,3,f9470aff69cce349e9a8d00d1e09ef6c181622ead9d056e3422eb7bbde360f2b
images/train/S_10037373.jpg,4,6f19fcdda3290c28668531e886ace48831fefe9bd3674a823f7b98c83f176fb2
images/train/S_10059391.jpg,1,b156b243f1abc0e12e81810830ea829cc293f7f4140f6bb9187cd51f9f35f574
images/train/S_10059420.jpg,2,7afe9ae9a29063769ae198e008461f01c508cfe00fdb92c540446057a22492d5
images/train/S_10060033.jpg,2,1b072c5310e9f3657a8508c7d48fb477b5d9f8331e118c226d5a5b3cdbe54726
images/train/S_10061742.jpg,4,6907acaaa839765eb4adc8b824a2cf468c5346ab9f25325cb5239645b61b4749
images/train/S_10061748.jpg,0,7c6e735385b682b3259a09573e554ebaa66fefd59cd8f9a4cdeeee7cb613a95b
images/train/S_10061753.jpg,0,51325e5215e34c39bac4661fb56cfa3d86808e737345b5429bc040178c631488
images/train/S_10067633.jpg,0,5a04f876b2e0761750f55f734b1acf78b264723de5788f1ca9f69700f10ca6fd
images/train/S_10070699.jpg,0,1e7c064be26d112f31468106e4d927f9c4ea47527dfbaead90e2c84e4868ca46
images/train/S_10075550.jpg,1,001f8283dc9989d0a711a50de1033361872746728822dd252e2dfeed986623d3
images/train/S_10082101.jpg,0,b1d1624bbef29d8ccc567bc44e74a5e6a4555c2d8207372a95b62d15025b85d0
images/train/S_10096816.jpg,3,2c08a5de718aeb505182380fdb354b5d2386c39ea1cf7da327382ecde3c23df2
images/train/S_10097101.jpg,3,0099d0c14a7bbac02fd7a629f8572c8b4335c395938fb9c6f2263063e46297a1
images/train/S_10097169.jpg,3,af0552d0dab8e1510d73b28b0e3b63dadc0463b6d614943df1ced9b20144dc82
images/train/S_10099360.jpg,3,4e19700b5cb95b22e62e06fdba138a349ad4b34bf9be887760df3c3fc99d1a86
images/train/S_10099985.jpg,3,4eb3160515bdd37487a54f673a670488272144580bea65318937a0e5c513c791
images/train/S_10100614.jpg,2,728898a9f1b600dd4fb012b456c79241fa4436deda21677840ca239d06d6bf47
images/train/S_10100963.jpg,3,ac3eff0113a81fb1917382ba9a96044801a05780e9bd0cb321475568ea9c2fbd
images/train/S_10101052.jpg,2,a873f0dbb0135775265619f71171e907a3f7669fd129f1d5584011c62ef75228
images/train/S_10101439.jpg,4,161c1628a508dc9c0c269e61a45a1f2a3d0c3bd563cae439341a8a4338906d0e
images/train/S_10103461.jpg,4,5c574b14ac4a74ce1c6b494412bfb2569624f9876a6a91327cdcb83794bb1680
images/train/S_10103773.jpg,1,14d60931e94fa719c89700f7ca318178c71e37dab9aab3f3201cad33fd8a8696
images/train/S_10106427.jpg,3,15a40889136e8cc385b6435f0244073365a1cd29e81c06b98b8e0e221ae5d39f
images/train/S_10106812.jpg,1,1ad43c916000178b32869dde6e130d2a9f658279043aad761fd59e2076a57f02
images/train/S_10136790.jpg,0,d037278508a89a7f90bec171dcda7be0596f3547cc20926bc6d92cf013fa5f2b
images/train/S_10139323.jpg,1,3570241c9e588ab59b6cfa0b95fb7af328d6ff98b2899ba120cd4d843c6528f9
images/train/S_10157805.jpg,2,9e786d10ea8845c5bd92c3cd87886450a8227a2d75dd254e4fcd9d8cac09f006
images/train/S_10175668.jpg,0,f008d7bbc6ac01bcc821bbd5bc19457c091ceb0cb4fd6762242496453c77546a
images/train/S_10194624.jpg,4,aceaa7beffd526159a7e5eb8ab12e86e5572a8718c61bf083b01d4021a8bcfd6
images/train/S_10216665.jpg,2,c3f772d95ad7080ede40871c97bbeaa36dbfa59d012c686a7d01d7298a262d5f
images/train/S_10224035.jpg,1,3b1abf0ff2d765ebfdd1457ee3f5968a7c3a4f10ed7341945a92b5fa1c198c44
images/train/S_10254420.jpg,0,2cdc0c58b1a8ac58f5f71e3965dd8ea388bb0a9d534ef77b5a5783f9a0e38426
images/train/S_10254693.jpg,4,1a8aec9bd3c1343d902f876e71973a8dd9dc4e755da3ea8e2dab9734cba0945f
images/train/S_10271957.jpg,2,35fb854d7e0f9d58320cf13fa87a60b306154db1088863fef6ad0a94c7dfef9d
images/train/S_10274980.jpg,2,41a4f1cd2a4cf2a3e4673dab1b8d16a57b6a5073ff3eeef0d2ea1abdef3a1336
images/train/S_10277863.jpg,0,60f29f7cdf03927728be2a848fe60551733e0aec822d203fdaca51c6455bc993
images/train/S_10277986.jpg,3,e947b0cacf32e39c07ff72f785228ea2ac3b379bdc5ee3f58e6834cabafb8350
images/train/S_10278330.jpg,0,72a60b2b4953eaa8f9ee78000fa1a8a9b3fdda03b28f00052e9538a728d9acd9
images/train/S_10279487.jpg,2,8b61cef9650857bd40299d1cde63235c7df0be0f51a9e2f23e3e8f339caaaa65
images/train/S_10279712.jpg,1,6272de91b8e68cff5c57b5c6a73a60c03d69f7152d1f69b80cf3488883432406
images/train/S_10279717.jpg,2,949c5bc8abe117c6f00f2dbcf2dba189871b559c2bd02b6560aab808d9372823
images/train/S_10281966.jpg,4,f9f450e50507f95d9f8e1ce8864e8d65b3243d4235faf207449d761578b8ad2d
images/train/S_10282343.jpg,0,f10f6ad542f207df1b0c07be5659b24037bce0ef350ed5c5958583502661f44d
images/train/S_10284683.jpg,0,92c4d3e21ad4302a457d94864941c256469295a7f1450e8c4724d5c041ae8613
images/train/S_10284985.jpg,1,5e3dc0ec560de22675693f26f22154bc8b5e1e757debea60a63ba39017479b86
images/train/S_10288588.jpg,1,77f56091d8d267ecbd728414d23a7e5b859b9217fe1b6f71866e72b1a6749a9b
images/train/S_10289526.jpg,1,4b8ac977789cf8bd46b3b9baa66148d4a3555b51e550fe88a1a0feb8a6a933cd
images/train/S_10292442.jpg,1,4c1fffa70eded313e022b291b2834de2fb0caeb79e900d728bf9c34c3edc50b0
images/train/S_10292867.jpg,4,812a46bfde6bc30f2aa86835da134a6145f29bf634673728451bdfe835c02eae
images/train/S_10294124.jpg,4,27c815f2e1669e557d2970ee5da1de7ba9e322c6bb81752be986fa6281eecccb
images/train/S_10302423.jpg,1,f3d5e44e27c03c4dd0dee924b418186a9fc361a60c12898587c8dddb025f1eac
images/train/S_10303427.jpg,1,9b573a727037a63197e08c2fe3435b7d4103db4314efa552294cc5bcf70f111a
images/train/S_10306026.jpg,2,c948a3a2db110a1cb276247cb1c9e19c1959b2cb7bdce0214e1bd5834f1549da
images/train/S_10307242.jpg,1,eccfa795b8087489d3dbf4bc02a81f894a4ea8d44f0595ae32b966135805366e
images/train/S_10307954.jpg,0,b1161b4eae3e579ef7e84254a92f06cfd9734ccf6d13d1e007e72211e872c993
images/train/S_10309209.jpg,0,e88858f6ac749167b7af4109ca2a04622ab8f106b274aa50dce45a43fc302ca5
images/train/S_10309738.jpg,2,a43f0c4824f0e601c265f167c7cfe80e01d0480e7fd0b464c8d9172c0209a81b
images/train/S_10310253.jpg,2,a8e77b018ce086f18b1a6a784698f661cef45be7a9cc34cfe3b985540bc891bf
images/train/S_10310254.jpg,4,b8df5b8c71d64fd67ff720c3a8676238b0821753e4f161836278441b43159b28
images/train/S_10310413.jpg,1,05dc83cb7862bd38a109df51af9548d19657c95f6d9c9ccbb545bbca1b053680
images/train/S_10310459.jpg,4,8e1c6828fc6cdd3938121e38e63e8cb122e914344499e137d0ba48e1b78f31b9
images/train/S_10310620.jpg,0,f64829193a2cc78ee14bebaaef03a19d7a9b3d6002cc171dbf4a07c7bc29c514
images/train/S_10311760.jpg,0,7e7e1950df6aeec73af0cbaedc39597579d2c64f0faf8e00429493711c68f380
images/train/S_10312068.jpg,0,b54ab85eed4debbe2572d1a375a012e819bd4ef0a042656d74c4a43bc66a7731
images/train/S_10317012.jpg,0,45833a110cb8979233083bf448bfdac2094ac1353caa9a3d91342c7b6a8a0fec
images/train/S_10329964.jpg,2,729c27989d3fa1b3e378721ce709dc96296a375ea4b2b47adc2c9f6827ae2164
images/train/S_10331308.jpg,1,ddc02633916eea839904475d81eab64bc6cd80aed9e050d12089c0b5380d36c6
images/train/S_10337526.jpg,4,197b34b936ff8a43b89e97df07023d4f0aad842ce47774e9221f2c299209f1f8
images/train/S_10337527.jpg,4,74bd2602386fffa2c46eeb63cd07dbece2746297cc2d9d949d3507da12110eb9
images/train/S_10337984.jpg,1,62abcb4933e37cfcb6b1605ef4e0b6989ef54f5b305c4900f0306d6129f5ea71
images/train/S_10338040.jpg,3,d259962c44e76d02b07f279f82582993aea7d3007b26aa4c266952827aebfa1f
images/train/S_10340756.jpg,0,cbbb1f4a7ce4a9e9acc0bfee851ecb6e51917df9ca8c31231c02344d9c0773dc
images/train/S_10347002.jpg,0,651b2f3c9b6cdff04cc78c706d9f594006f2bb850b883d9a3360423675027282
images/train/S_10347086.jpg,4,273d76e6392c6a1f98bee58a3ee16336a81e66830691938cabba4e00aadacb1c
images/train/S_10347146.jpg,3,866c2052062f20aed0b4598b464c5a642eae389c8c72346960b68a97b4127104
images/train/S_10368444.jpg,3,c1c162665ce13fd9c631cd363a73fe509252014441b5ed545f54e49e73a43971
images/train/S_10369701.jpg,0,43fbea547800a97119406788e2356bb13ac9dac2b3329206eecc4368b8e61a21
images/train/S_10370027.jpg,1,15c16b13d468dd470787ee704e66415c290f16eb139072dbad7f99e59add0e3c
images/train/S_10370075.jpg,1,d33253bc2e967e571cc84cccaa927564ef1e20db23ec1709b781ce9aec4b3fd6
images/train/S_10376042.jpg,4,52690b91f017e802499d47f78dd47ee3a3f00bd94f73250a95b4def9bd9d2f78
images/train/S_10376045.jpg,3,3a3f7535603f84f91bcc07846cccf7a0d2ace00fb55c3cf18bfe641b8727dee8
images/train/S_10376280.jpg,1,680c7440c16b6c8807becdf0b48761b9419985e68aa0158207e8722fe2ee9d85
images/train/S_10376917.jpg,3,7cfbae9fd036ac8980cca686c839866f54cb72c4a9a451e076ed901c6d46e57d
images/train/S_10377758.jpg,0,51b235c3762ac0ff3a8ddefabfc1c4a8aad1f01a66c92cee069397ad507e04a1
images/train/S_10377815.jpg,2,d750f165d7ef98852a72c597706ad69a9b96b6825ab96fa4dc9b96f641dc0813
images/train/S_10377816.jpg,2,8f078df5c95a21f91b0a8c36b7dec741b7adbe49eb69fc901166cb078a21806c
images/train/S_10377838.jpg,1,dec33ab26d4db34bdee944f9c9a8b27051b01706dcacf971c107889aa6f7b344
images/train/S_10377865.jpg,4,85a69b3c996b37b7cc13b13922df7a763b4551b533b14ae00a96bb5c512ee2ab
images/train/S_10377880.jpg,2,a4f7dd4c53f38223b75aaf52c69ef5b6a277518fe414e194d963036f2e16abad
images/train/S_10377882.jpg,1,f33f2a721a0bfca974b29d05acac486693ecc3bedd077dc8964d471d2aaaa9c8
images/train/S_10377991.jpg,0,0c9dea8d1bea9cbc70f8f4b4d9b991181493853304b815673cf2f970c698b0ad
images/train/S_10378746.jpg,1,41226ad8567d6f25ab3d21ed2756a97a78e0e106a9356a641d6be8d1775b3a1d
images/train/S_10380457.jpg,2,361881e8a98d1c84f6e0291b291105d3c053b4faf3dad53d4070b5a5a97667eb
images/train/S_10384280.jpg,0,e569bdadb12a7333468b2a779776129d37319786b5676b70bb73a1e08b70667f
images/train/S_10390016.jpg,4,23f17f0928a0add99455f0580c47c7bfe09d134421a8ae9e223bdcbd5d8e86f6
images/train/S_10390043.jpg,1,c18fef3a2334eaffb686f1b8427b819a5287d061698ce362306189267494b24b
images/train/S_10396713.jpg,3,ad7c5cfa5fc3eafecd9fce81dd8e9e521e280de6af9e41ece3f04a6a2fe624d0
images/train/S_10396758.jpg,0,bcc0815645eeca517c2f2ef102e1acbc44deed694473b02753dbb0d206989326
images/train/S_10401335.jpg,0,f5e21f9d403ec2c39dc12471f22b1dc2fe6e69fa8774f4f65718a3f284e39646
images/train/S_10416752.jpg,1,969e27f00d1f2a929a829c1b0cf4b32877fe7995896382f734cd337c77c99122
images/train/S_10428857.jpg,3,a2c4e66997b251e29091febfdfba31c54ec039af52023f7be44079617c0da9cc
images/train/S_10428881.jpg,3,a8ea8ef409ad6f14cc82bf8fab179eac02ed221dec59622543e342bf0254b746
images/train/S_10428913.jpg,2,805dac8e96a1a103b156020d91a924d94f9544681041cd98dbbbd47b1d22b987
images/train/S_10433105.jpg,0,884686c9c2567322fa53a4a0689705fe37a30015f6e4c3e892c8d1f865397b72
images/train/S_10433106.jpg,2,43f7fbf13000c5a68494dcc4cad331aa6596e449eea73e83701df3717a83024f
images/train/S_10440800.jpg,2,ba314970c61214c346fba34882b2cf948f9e3161a256143c15c54aa853eea40a
images/train/S_10441594.jpg,2,1d8e1440c8c4adba9275421b18ae327ac1d4781ab7d7acfd36e5855a007d48f4
images/train/S_10450803.jpg,4,1a55652f61dab4437f58bbf375268a4be4dd701fc4965f81c5be239709c7f719
images/train/S_10462662.jpg,1,fd9e4d4d8cf36882f88037d9130bf886967d9f3231f4366a3ee93be4ecdf32d6
images/train/S_10464973.jpg,2,a19106ddc30b2abc6a2166ed01faf475b6b2c6834ebec974229b419c7e61a5ca
images/train/S_10466317.jpg,2,af5ecf5ce8801af67cae11defb032a1e3b64185e179552e511344bfbc76186ac
images/train/S_10469174.jpg,1,bc876f49c51ee1afa18523239a79f543f75b2467ab37ab816a5e9451ef064d61
images/train/S_10469185.jpg,0,f938f2f6e92f31009277ac908f82822fcbdfa9d811997944d1e5ca6c5ed88f1a
images/train/S_10469188.jpg,3,7ac6a7b425f49ea14d631bb5e06e8f478608ff2644b359448ece17d35e7c750e
images/train/S_10469205.jpg,2,38a3cfd164b01a8450016e146daeb5b0672bff676dd8fbb1dc0c3da488868b92
images/train/S_10471123.jpg,0,879af9d623e3c0c7aa372ae039ee1430a760e504447d743ee752299894415c32
images/train/S_10477139.jpg,0,605e061b687f4022056435ca4e5016f38b863833b7ec7d589b271f3035ad73e9
images/train/S_11001682.jpg,4,cb43dc18bafeaff31086154677bb04c07424d5c83556fafda2baefba5679da32
images/train/S_11004843.jpg,0,d88868840c4fa9e5c617dad4b9084cf89099b5b78698c7d618b664eb2c0b7310
images/train/S_11005068.jpg,4,2a009ecc3dea090c7ef704fdafd338461665330fd892677bc330b17aac3b649c
images/train/S_11005095.jpg,3,1edad5b5de4d86cf07556417629e51e84ddceaffacac819916624bb9205a09b1
images/train/S_11005138.jpg,4,5a8bc16ca97b78fc1788cd8800b99a3a84c9a319f45af98d2a0ce639b9b28a39
images/train/S_11006753.jpg,4,1f416edf70a07a4f61fa57150e2b67e84568cb5c6c56d8ead4e3d85fe6cec0b3
images/train/S_11007143.jpg,3,97cef04caccc6e2796f21499be23cd98bb85c152613e38f2291d4b77ccdfa219
images/train/S_11008865.jpg,3,298df6c84be9553783f51a23d21ed98671207038afd2a5199a451153afae20e6
images/train/S_11014906.jpg,4,2cae70e7bd131e3f05af27418003b419f952d6b090892eb37f1cc94b1d856033
images/train/S_11014986.jpg,0,3a2ee53f186a2b6314ddc470ebd239f8f369ae3c690ff6af168729536ba6bdb4
images/train/S_11015679.jpg,1,6315a479c7b46dbae702a16f41195d84aa0383c0dd38dfdfff897aa59c234089
images/train/S_11016378.jpg,3,f15b6d846148d4d3a45eccdb0a2d45dec41aba5c3c7512295c8e1d73140b6891
images/train/S_11016720.jpg,4,adc0ce3e7c170ba902e2d904dd685cf8901c5e97446f4fdead1b4388ea3e2c5d
images/train/S_11018125.jpg,1,c1b1b16e895a78cb70d9287db8ce138c5feefdea06d020cb7f737cc6612f705d
images/train/S_11022610.jpg,2,c4c76bef2d79e82b0d91df264e0ac09cadd3a00c59951f7ca12d2554bc51fc3f
images/train/S_11023280.jpg,3,9b8c28c0f5d41775b2a8e347557bb737851c1c3d9fcf211d28aa5e5e68c1f127
images/train/S_11023571.jpg,3,28cd398098890cf0ea89008401b53fb8c08e8f0a8f2c149d684b35cebc1cc24d
images/train/S_11024618.jpg,2,2805d1f83ae9102303155c83124b17e9f532b7498eea4e7cd3738262c34fab6b
images/train/S_11024972.jpg,0,3f97e0b1b90b9172d576225ce3578f79575ff5669e57daa46748f1a8b3876620
images/train/S_11025056.jpg,4,227bd0c3c3454700381535e8a8a8a66abc15b299919e4ac63f1cba0e910a2c48
images/train/S_11029806.jpg,4,a1c7465139822ac4f276c3a8d90f6d0a38a6a75af8d7d991e0aacdcd38a2c614
images/train/S_11030915.jpg,1,6c997fab0561bf6ad517aed3c24bba9a384619e45d92c5eacf8537f5c0821ae7
images/train/S_11031181.jpg,2,644b8cede0d12164111d9b67f77fed0f0a6759f62a55a3f97efbd61348823670
images/train/S_11031615.jpg,0,64836ae57bc868f00ccb322da0c5ad2186da716b684af5d3719cc81ec8673b11
images/train/S_11031698.jpg,1,02f6396a4cf7bfb5b1ab5fcf39e0e20b8704eb9e86c811b74e3f7baac589b4ec
images/train/S_11032503.jpg,1,e105d47d47c5fd8e8f54d089856c8f48aee51828aaf5709e3bc6da6aa1355ae6
images/train/S_11033373.jpg,3,0f042b509809a9666f6cef145ac11b915262049345ba1efa561c63527e00badf
images/train/S_11033390.jpg,3,68d28961f3593d4c749a69b07406ba3dfca68838d9c2c71f1c2a3dd33b8b9349
images/train/S_11033605.jpg,4,2ac42fab08b91521dfebcc1967bd44ebd823d296608165953579a2c5c5fdde6b
images/train/S_11033921.jpg,4,991a2ff01230e5d74586a010b43c81e1b3a9f32044b5bae4785c2520bc020708
images/train/S_11033932.jpg,3,243e0c75f4399989594773c0dd8f715e915b139d6a584cd7987b433e8b976440
images/train/S_11033947.jpg,2,c8c75fed199b05053da160281f80fb79808b91d311faf0b1e3e31fdc5b50d509
images/train/S_11034234.jpg,2,e4baf765248219623a455a73fef68f5bdb8e1cee3d0428158e28bdc8cfe119b4
images/train/S_11034334.jpg,3,ebebf6ed5334cfd0ea88c4c5053313465688e67009cb4c1fe14a331d326ac301
images/train/S_11035030.jpg,1,5ac7b854a50ec061af290d033297d1afeb948cd98b68c40df47faba3e79c8635
images/train/S_11035562.jpg,0,9af295052b2ef7a4bcf8b282a2931308462f664d4e8da899016a2f22d9dac644
images/train/S_11036036.jpg,2,56a42a244e25a9ade1cf94b0e8256966915e24275e195ad4c7a48ef2628ece37
images/train/S_11036341.jpg,0,a1194bc88d9e0bc84f16d26fa1108bf1d3b6ce044945de8ffc9cf9ed19118871
images/train/S_11036351.jpg,4,99ff21c53130e14bdab83a94fe999c4cecaae660fce0beb7740b1a43aee20eab
images/train/S_11040821.jpg,0,94bd4b7c1ede147d83a698710e180d047025e39f9e39c8540dfe312bfd431ab0
images/train/S_11041310.jpg,4,f79bcf781a30476230a4aa0e258b7525b610d0050f316ac66391b892c849e5ce
images/train/S_11041662.jpg,0,b45f7ad4528633007a8a0254e58ce1c8ad6627e14747b17756ba230018810dc2
images/train/S_11041732.jpg,3,b606e460be8dc8c417cd4b3193e7156af4d442b0cb327e0e9b1922eaff7b26be
images/train/S_11042446.jpg,0,d63b8043104749d34b13fd1542abb1c80fbad25e9d899802b0cb1906c3124048
images/train/S_11044002.jpg,1,c1c0359774cafd00b4a069eba7f90fd1c577b46c56701d969599ad0bb01bbda2
images/train/S_11044070.jpg,0,98e556b0b24628ac2a7e00152d509b43aba2db415b91c5ad43b4f4e758f9e7d2
images/train/S_11044923.jpg,3,7fd0a025c7fa08598806d6ca29298de5314f4fccc9a12ef45a2f0ea34bb12645
images/train/S_11044937.jpg,4,6d3031dd47f44fe7f0f4f823cb0f0c70bb30d10419b6d8bcae498632195398d7
images/train/S_11046880.jpg,3,4b1d9579b5ae54054b37f455cc4f13b44d5bb7f1cc19c95abccafa8297ab2ed9
images/train/S_11046881.jpg,0,f4fe213ecfdc546b49913eee7a1433d37a7d17f8413c7f4a3d6e67a21f975d2f
images/train/S_11047139.jpg,3,47d5ee965759df39d5d0c3b7cd49f09d72c1d85aa97888d3f038f1f1836f7dc5
images/train/S_11047359.jpg,1,3d08687abd771e5badb347ca77ce03dc9273aa61cf508c0c5b4210e0f4ae0bec
images/train/S_11047636.jpg,1,f5b5cfb506f6506125c56a77ba31233b43abd25d78fb3413dac9cdee9e4b3e37
images/train/S_11048124.jpg,1,f44b41f0721b3b47b1fb9e3c39b6c91eda5a5d8b5bdbfeebda0eda001ff53e0d
images/val/S_11048199.jpg,0,1fa2f41c35d5d86bcc7101f1f30c88bb25ada771521fb75315d65af1b2e9e787
images/train/S_11048224.jpg,2,6987d22ad470c86f8b38c6f434d03d38a6468720f63368a296fea6dbcb218087
images/train/S_11048293.jpg,0,1fa2f41c35d5d86bcc7101f1f30c88bb25ada771521fb75315d65af1b2e9e787
images/train/S_11049121.jpg,3,7b604a0a9e0a45ad9b712b03d96ad67bc1aaf394306fefcf6a511432c2962484
images/train/S_11049458.jpg,4,5a9518505eb325e2bfa8a7161c404251bc8da2f5205c9d1d4f4d6cd4e8747db1
images/train/S_11049507.jpg,3,f7452ba07ee736d8914d3afb2bd8911b9849c9271ce8b2dcc84266049ac0fe18
images/train/S_11049616.jpg,0,ef3a158ed2225f9529e5cb16a3a06925077e1ba423428e7d935896c065c5c551
images/train/S_11049817.jpg,0,a6ea6a2625c5a6456e40544ff99e9b5917444e9e6f4378dd46743340aa8511c3
images/train/S_11050164.jpg,3,bb468a29c91ad1732362c6f60b109aaf34c11ad543463aa41a9531b476a85f37
images/train/S_11050314.jpg,2,40b26411afa289c311b838cc653b1f07dd029ad6a74d7a934183e2e6b5b52fee
images/train/S_11065657.jpg,4,8736b61db81d610dd3ca85ebadc40f59e791e61ef901b20688990b77dd812ec1
images/train/S_11065998.jpg,4,4e72cf953f9cfcf96205d41faccc432e207f2e827df1bdb123bcdf5cdc791074
images/train/S_11067266.jpg,3,5b9c26a16f50d2bd55d937ec0b23bd9a9072f7447e45ae21f5d75923b9704321
images/train/S_11067589.jpg,0,de09a3adfdddec22537963baf785a3ed53090f3db20f9d742cceb6ef4fe8180f
images/train/S_11067885.jpg,4,64083aa2deefb09b27797c38b94ac4d879461bac66f00d95c0cbdf28597d5bad
images/train/S_11068304.jpg,2,07fb287cee174a7580bb89d9371442387cf7f2bd4331479f37dafc4f5c3387a4
images/train/S_11068413.jpg,0,0648c7363e688782289453f81c0a549e225b078087facb58450395bd90c6dfa7
images/train/S_11073196.jpg,2,04de28fa3fc439c4ac61889ab2528715811f2722a87f6018738335e981c84e2f
images/train/S_11073425.jpg,3,4398c61480f39f4b8c21ee126cc4a7e3a493c0300ff50d568a91cabe9a63c6f2
images/train/S_11073427.jpg,2,950a01dc2f748ac034d5a94d1ca4a06affafea7e2d677201814731bf499e049a
images/train/S_11074092.jpg,3,c27cbe3bcc9530f73cef6b7f2e7ae6c46e9dd8de54cdccc1191b2a9cf41351ab
images/train/S_11074177.jpg,2,f47215ef93b448ae2cc2a9e0bb096a87de5066683e4acdf2b97b49dac775cb16
images/train/S_11075496.jpg,0,80ec4b9bf9df879368a16e57f27e311137c060a8ce04c5ef90d58fdc631a661a
images/train/S_11075500.jpg,1,fece7e6033b05eeeb38d939776d90eeba3b53d06f0ba2be8cc401798736d20c7
images/train/S_11080318.jpg,2,8c787ecbf7be1a9fe679b885bb56c1f8da393bfa4109a5ab3b38ceef2bb4c43c
images/train/S_11080474.jpg,0,46adbdda593a8ed6de9a2e68485cdcf0f028c9edba1f074a853bcb1086c81e4a
images/train/S_11080582.jpg,1,c9ed95b4ce04ce06a46a49f258342f970e256c984df25dbb26c9a710886dd7f2
images/train/S_11080610.jpg,2,6da596d193ed4f0ac0f1b9bd59c2f5ef254b1972878141a8d49a83e49df99e78
images/train/S_11081148.jpg,0,1a1d51c1dca2cfc44cbcb5f1b1e05fd57395a6cbf55bdc4f65a9bd09b0e9429c
images/train/S_11082711.jpg,3,bdd36a9f4daba519e813de314f63a09119b3f8e40bab43246cb870bd7e832118
images/train/S_11082769.jpg,4,1ae158edc1e532695d34b6a55ed84de34fa812d978bc6df0ecfe0e7e93b9b4ec
images/train/S_11082913.jpg,1,67f34ef734c0a72970028e7e5c93bb8a0d29f999a1a3918c325ec520aa2ef40c
images/train/S_11082983.jpg,4,01f02c10abfe0751b5101ee4066b8e8640dcf4e6a7ed792b06255f2f19c588f3
images/train/S_11082995.jpg,1,86d6bde846c084fc5cdd8457d9d53614b80d625334b45de2d5961c6cd2be4761
images/train/S_11083351.jpg,2,ac973b427c2c99eea9f720977d5dfc5a4b08b396f2a76c68481348c611999265
images/train/S_11083897.jpg,2,d9ad759646e3728f29d2e220e0e954d855867080b45d2a34ab27647a94aa47d0
images/train/S_11085001.jpg,1,5a65797085cf1fcefa92b34858acce1e8c4447cf357248bf03083204e71c53f2
images/train/S_11085137.jpg,3,b8c392ebd3a67b2666aa569043809e447c7608264f79196bf7797bf3ec0811fe
images/train/S_11086625.jpg,2,1a1305edeec300764e6366ace72a8a6ffbd140403c7260a057287efcd655cb19
images/train/S_11087107.jpg,4,c1c2e280f7d70f7d94d19b70e2f6cd510faf2838c2d15839fa48a7dc40d6ba81
images/train/S_11087606.jpg,2,ab81cfad3ecb7d22c3ac93fbc57c1cf2d22673e00ad35e1fa682f5eb6ef3152a
images/train/S_11099280.jpg,1,311a231a2452ec454fb2e349442eb45956693418a8cfccd324851f727b31f053
images/train/S_11100317.jpg,4,fae81979f7d50749cad56b032c1079b9a67cd6f37adfcaaad0bcd05a06b0a7da
images/train/S_11103429.jpg,3,0381f905ce5a0213859c9d2346e10c793ed6d5ed9f2c5e62a526fc1bd091179b
images/train/S_11111874.jpg,1,b0d9251324487e5125564ff56492081eb86c6fe255ae84f02cd9a950931473fb
images/train/S_11124098.jpg,3,6bf71d30bef41a64cf78b75ee033a7547bc55340ef884b5ded05073e96a9a036
images/train/S_11129363.jpg,1,dc0f26e53ec617d03f43ef4157946e73a414bd72d8102d3c599f64f58ef82640
images/train/S_11129719.jpg,1,7e49af956def8f09e03c55e33cf9d0b4813d0f84585816ade4e8dca8a7897500
images/train/S_11130745.jpg,3,4a93bc0aef2f125726c015ffbb199b94d5d7e3d4337a0f9d53886364088e4be9
images/train/S_11144373.jpg,0,44ee0c051db4a71e78b043ab2da7550d7e8d831f33c68d2eebaf1fc0dd28f7af
images/train/S_11144675.jpg,3,128912dbe7469ae1acb508da209f14ea78b296e243660a62e4420780a7c8970b
images/train/S_11144941.jpg,4,5abd5da4ac1a09172f2972b266f011b7a1e2eb8e95732039fd1d5ae473d0d972
images/train/S_11146111.jpg,3,3e6881feabd02e4c578a381581817e425f5cb5d17ac6affce544ebe64f8a1f84
images/train/S_11153395.jpg,0,91ef021603eb14a83553aa57351156b56970b0dbeda2848b3b8f9c5a06264c48
images/train/S_11153550.jpg,2,3f0382e0f995bc88336449968d4cd25139c25282c1be5b8178fa59a478667924
images/train/S_11153597.jpg,1,7c5e87893781d72828737861f7202986392567af89035ecc30405a829e32985d
images/train/S_11153773.jpg,2,27a7c1c944b7793c35a8c146ff38ce630c88a37e62cd732cc490422314df29b4
images/train/S_11153784.jpg,1,a93ad34045895ca2a4b6055b00491f6acabe88ba97d0c00bf28edf9d75529bcc
images/train/S_11154027.jpg,2,d1680a81122347e17df6e12ba1ee3a7a65e78cd5cf22b8054259593dcae3a9dd
images/train/S_11154125.jpg,1,99ba65cdb75eaccd4f5a171d354235ea2bf1d821d5010f2c93f6831c0d532f77
images/train/S_11155393.jpg,4,24a95c4150c985aade8b7067059b8d41583aa756317519d5bbe5e81f1bc00db8
images/train/S_11155523.jpg,2,c4b12381d1c3198e7b7ad1f578daec059a92c6aed58ba582b533d66ef5ccd4c7
images/train/S_11157565.jpg,3,6c195fdd9c5c4dddaee6a21818b929eb002f2f787ded166f8a6653f3755604be
images/train/S_11157810.jpg,0,b5d0a78094d1b05f0b275b745566f45faec6526ddfe83c859265bf5f041f3392
images/train/S_11158153.jpg,4,873703492f20b09525c44ade3ad185946e622f0ebab0abe686e6213bc6176c25
images/train/S_11158596.jpg,1,91d7c81805a0b2307adc07c72b6acc403ba92e62095f01addddaca810a644ed0
images/train/S_11158684.jpg,1,1cbe02cc7360e03eda29681fee8bdd8055682f0cd9a9f60f421a0f63ad6bae36
images/train/S_11171971.jpg,1,edfe3e6e3bd98de2bd8a8e3ef397963ecb26fb8e8b69010be997d178e7db5627
images/train/S_11197423.jpg,3,93497f424bb44bccdd38d8d88261bb5559fbf282b001bcd0024ffe6ac6ab4fce
images/train/S_11198594.jpg,2,9c15e1e8c7bbad7665cd2f7d2ba7c9022c5d6afcb5c907ca921662fb3e80c6d4
images/train/S_11222627.jpg,2,c376de7824467fea787ef7a92dfda3f1ba127c3cba4bea020afd9da7206f9aa6
images/train/S_11232362.jpg,3,6d620ea6c14b055e9437bc41294d7a90a3b5571530d73d466f9d32827fb2a744
images/train/S_11232699.jpg,1,9588c00c7b6f289d5e388fda886edae0c107eeb0a238c478f270c200c132f904
images/train/S_11234196.jpg,0,69624f2f411867dd77fe1bb57ec6ad02e418652b65cae30e3ab6c977c87f0c8e
images/train/S_11234486.jpg,3,aaf2bea7fc18c43e3b9cbb9444e5bb0c7dab111867b723778f6a83e9cd755a5a
images/train/S_11348810.jpg,0,88a45d62ec9cb7ac7f2b4d9ea15d8b907ab1e4affbe83ece63a00f42cf02dc8a
images/train/S_11350098.jpg,4,6c02457e08fa088756c4c25a0326e417051c831f87de60c4583d91c61dec263c
images/train/S_11350344.jpg,1,3fff081311e1065a89ce233ef488edc2b0dea84b6ca3bb2ca03664023ec10e94
images/val/S_11350363.jpg,1,3fff081311e1065a89ce233ef488edc2b0dea84b6ca3bb2ca03664023ec10e94
images/train/S_11350366.jpg,2,12fd5d0d2a669342a309e1729c6571c80be958b5b002701e6d064e8bce24a223
images/train/S_11350461.jpg,3,59e3a17581553ce8f730a74de0db6b06606dc7c92c890abe5fda86764b5357fa
images/train/S_11351046.jpg,4,94fa4708fa5cd78402c9094ab70517dccdd11b740f81560402e88b9ed56066ad
images/train/S_11352018.jpg,1,a740617e8599020f957195d8a993486b4481fbc221c0f132afbb39b6bf89fe2c
images/train/S_11370433.jpg,1,311ef748abaccf734f861c4f644455c3a245ceadac2b820eacf73625f079f05c
images/train/S_11379080.jpg,2,ad9199067f600656d88bd2e5f73401f0b8eba05712d0a24d68b1f5e12ccf4670
images/train/S_11384875.jpg,0,f7aec1907b4a9545eb05e1cdf7a4750e1cf0513be4a4d82624e550692f66255f
images/train/S_11462542.jpg,1,e79802639f634f66d1a044d8bfbc1f558850124a335c3d9aace00d59ad98b3bc
images/train/S_11462571.jpg,4,f06f220641c743903f88ddb5cd0e92834ac38a9e5c9a235830eb0fdd55d95ecf
images/train/S_11462577.jpg,0,acee340b7dfa8a17ece5cc555a34292458ae35b7f8a83724d012e189bea68383
images/train/S_11462596.jpg,3,44da83b8d130531a96c90a92964bc4230dc0ef835d1add62b52a0f15aa6b419f
images/train/S_11462607.jpg,4,2bc7f44810888b7fe7d10db40cdcf460340f2ddc4cb39b40e5602593fcb4f3df
images/train/S_11462621.jpg,1,6fd15d09b65b1a8b16083af8ce96e94af1d880ae204a4dd7dfbfe9ed31dbc234
images/train/S_11462658.jpg,0,0ba4292e56121327c6f2cb94a5e9b59549df7aa0f336274a3593f5bee5f58ab5
images/train/S_11462659.jpg,2,bbe7c9824c0f89c289a26e51a47229b0f54862dc139e60be7af95c5243eec3c3
images/train/S_11462685.jpg,4,1be9585c0fbe2c8850b52b80ad2b19756b8cdcac231703289d5ba9500031019d
images/train/S_11462724.jpg,4,e4ee7992b9f3a95b01acb11dbd2a4c503101989d32d81e8580f65d4fb88fb0ab
images/train/S_11462764.jpg,4,7b9d5e632e5881ddd1eafd8061ff70e2409551d054a1d0435b93879d9bff55fc
images/train/S_11462822.jpg,3,fb3c466ed0af0b32a4b0111d30130c2d8ec8a08a1a344474077690aed271c417
images/train/S_11462895.jpg,1,caf4239d0caaa66d4d2fb4146cfa8cbccb2c73efc130bd004f77220d12b4726d
images/train/S_11462916.jpg,4,efa7bca124ad4019ab43ec3c500db61e6273c16e71d08770d3885e378555d084
images/train/S_11462951.jpg,3,dd773bf80745ad49e90839433bb9a55983494c14b0bd0d624fe71d8fe9d4afa4
images/train/S_11462958.jpg,2,76f310093a0d5d2e0ef8f154f39e13589af0abe7e3c91ae6d17807b79fd13bc6
images/train/S_11462982.jpg,2,023427b276fb30eca4384812f7d7534d2c406ead2ac5de8cb959e3478843f1ee
images/train/S_11463023.jpg,4,c13643464c812655ea2d9f109d0c9171d390132f6e1f3e862dd5fc0d56b1ef02
images/train/S_11463077.jpg,2,954d9e585742827ed46f50b37fe37e5934b5e01c267ddb5f847cf558eadcea21
images/train/S_11463107.jpg,0,a1c7936ec4195c802b1a392a4b2dedee182738ee510ec77968f0dd70821b4684
images/train/S_11463120.jpg,1,a95713b118d1159f18fafc6d2115d614e47c440f79cbe7cbe37b7bf7a3c5f1f1
images/train/S_11463158.jpg,2,6524bd715bc13b5cee891ccd7314d0d18416ebe4b90a209e30642cc0c5d4bd01
images/train/S_11463177.jpg,4,db89b5f819d78b78132397b43c746cbf319f01aaa9bb109b2b261327beee64aa
images/train/S_11463209.jpg,1,ff7708a13a28ac5073dd2462526a2a89038db24bb355b91098c113440ade4135
images/train/S_11463233.jpg,4,79b69a972d0ff7e1faa2e43fe36a3988f66600e9a27b9f3b10408f59a61f8608
images/train/S_11463274.jpg,1,b68d73cb1d71cf9cf1291c4ef54b6895d7c2b042cb209756ee053ff85cc7061a
images/train/S_11463386.jpg,1,f54c06064a55d7ff40a587d4db8e8b7e18cd39b95e9dc3ef63ebba5c65ee6fe6
images/train/S_11463393.jpg,3,3dfa03f7de1c17d73628032bd233ce551b7388747346f2db9015d49ba5273e67
images/train/S_11463538.jpg,2,db11f8fe398eccbd46c47c32b4adf3147c7635540293a1eeb9ccd9dd33a25409
images/train/S_11463748.jpg,3,68ee1f22b3c8c2135a80ba0ab0fa3ec821077a31252fd596f38101abfadc58ff
images/train/S_11463754.jpg,3,bc05eb3740494fdee9e8928bad39efe5be9c609d7db4ca49e9cbe0e83d76e5d4
images/train/S_11502854.jpg,4,f756121c7531a51e090d254069fef7d05119ba7e0c3a4a43db338281dbcf0263
images/train/S_11504680.jpg,1,659d8a3cdf61cc617c93544c1ba7400e2f0e8845343175f66591a064a67bac35
images/train/S_11504687.jpg,0,07705856a74902bf769e7a6014095cc76bb187f7f117db82b4a44b6411f2dad3
images/train/S_11504689.jpg,3,9bc75d3c2fafb67798444f65e920274f7775f9796d88e1154d2982b24cfdce8c
images/train/S_11504692.jpg,4,e7ae3c5709fc8fd767ddd47ee539e52775c5e5370c589da81cccaad06447aaa1
images/train/S_11504730.jpg,0,5090553f68a547478475d56c40a3b6df821173fdc8386d9c2504381d1ce976f6
images/train/S_11527151.jpg,4,75a184fe77126daa62a716eb2bfad756b11c0ab5492b5961b9407a249e07939e
images/train/S_11527526.jpg,3,ce0674cee706609313a53efd7b32f4aa34b14e98614ae05b1b0dd10c08185816
images/train/S_11530791.jpg,2,023d7b8f11d1eabfd9a3a590a5b0989aa7fa079f401210ca0dcf4484eda197a4
images/train/S_11546130.jpg,0,459fa10de9a18d7ab2b6637833fbdb2e3bf54e6bded3378921099fd535e1008c
images/train/S_11556071.jpg,4,866d37aed9d5783cbbc34c612a77bd202d1e834b8dbae9420a34fc2937d5a4b1
images/train/S_11567832.jpg,4,624a919551ba02f700767f323bcb9c12b46b4a21f773ea5816990c4be2641fb8
images/train/S_11568376.jpg,1,3cfdfb082867125044b0a75767c15969d82ea827f7cc804bd7d770cbd1d4533a
images/train/S_11575845.jpg,0,2dd13c054f15a5c518ce32e5ae94cc1e8a5fbb8ca0f923fb249915f9e3bdaabd
images/train/S_11625828.jpg,4,01f1225b18500b4ea4536e33c8125c2ed5e8b345085aa9b0977db9143f87df66
images/train/S_11625878.jpg,0,4390f3a9e45e0913b2bf33afed9107a81da37238a1afcc1544bfc6c6fc97fc12
images/train/S_11625939.jpg,4,aafc1f67991c60aa21514dc9fb19d38646f06936534c5c89b29a56f4bb7272fc
images/train/S_11625940.jpg,0,064e2e671bf3a955190ab057b87516b91e43ae4432f7457201988c89d348b8f9
images/train/S_11625951.jpg,0,646d0a64636b33a043e91010a1a693ebd346019094d8575b0728b9ec4534fdd9
images/train/S_11625987.jpg,1,f2506d1fe99a2bf1910ac8798d5fcda526c5e417ea0007eb7a9499eee88b7800
images/train/S_11626263.jpg,0,c461f81ffaaafad29672f15ff7dfcd39a2849f489e2577d2f540edc5c5ac065f
images/train/S_11626549.jpg,2,1956772a17fe4ea4a54ba0859dff6798cfba1f6018ef3eb76c942b7420799322
images/train/S_11631644.jpg,3,49ff3e7a043fe63401045629ccddb71e10de72f639d0af791ef8a3a3ec133a2b
images/train/S_11731040.jpg,0,1422cb5d4b5f726b4876ed5ba81fb724627cb6cb84899c1ac8128d9fcddca80b
images/train/S_11757372.jpg,4,e7600d6ea317699995b38e50708660a0584f4ff8ad7ac0f122d344dd173b53eb
images/train/S_11757798.jpg,3,f8a4bd8dbeef851b6cc637e65f0406e28a0c24cffbaf4e72fc423bb20cbdb268
images/train/S_11759526.jpg,0,37bda2b25aabad418cdb4e5e51198b391e66193e9f13a2ec89db33f272bb71b0
images/train/S_11759763.jpg,4,4c81b8f7a96b628f32249282ca3a1e30613e31c4e84193e6574b1896166722a8
images/train/S_11759764.jpg,2,193e62d72d3a5229cd43525f401f05a7928362dd0f2a05b541d366924794b4a1
images/train/S_11760546.jpg,2,8161d847b78be2d2999e2e0dcd3614ef4e14363efee54d9dd1ef0ccfde3b86b3
images/train/S_11760999.jpg,3,5fdea5d4f1298a4273052c6b58ac650037b8e00cf404d75e96a67e0567795acc
images/train/S_11762098.jpg,4,c8f939aa794f767137019e9b8185e8128bacb4ae5b77ccce5868f4bb08880475
images/train/S_11762131.jpg,4,29d08bdabd6236808a527838dec4ea138d20103a5105e9e4f5c1063825e1684a
images/train/S_11767354.jpg,3,44e31def1b387902953564f4326c1651cb48415b64b1234a4c04fc6c6e6f3025
images/train/S_11767666.jpg,3,3440e0a74691589bca4c6c67ea6a9b885b2f63e1099dffccb5f9ef5d8b5bf935
images/train/S_11768154.jpg,4,a299f80c91592443aab808fc3a44ccab676f960900799351df3c556ddcf85e45
images/train/S_11768167.jpg,2,9b991cb2881b9e0ba9c9e4f49481f7332051c8b1c2e52db2f982c78689cd292f
images/train/S_11768331.jpg,1,d88fd7b6f42fe4ce75a31c2a613d683fafa32f275a69cc0be51ecf1224658d9e
images/train/S_11769608.jpg,0,98acb0c2df023577a9bf634f1a8d3e90c5ac86be30ecb10b21a16ea96e6026dd
images/train/S_11769654.jpg,3,a3cfb720759e803caeca9eff16ef50600a87cfdc51fcb478afbc7ca39bd3b597
images/train/S_11833229.jpg,2,0bf86afd4b0607de5b73fafee32447d2b575df088f9bd7c0a95f3da62d3fe8d3
images/train/S_11833240.jpg,3,a579b8033a668f737ae50ca938cae24219f39dd12475ace8314994c70ee53a08
images/train/S_11833251.jpg,2,b5b0ce0b41d6741df38d6f8e07f21b9509aaeef73fac8aba7f2ac710b6c13d29
images/train/S_11833256.jpg,1,b58c20ba327de0d471b47a57c875f5c14ddd4a06ec3f467646e49a76d5eda17d
images/train/S_11833692.jpg,1,db0b0f12080fecd0e9741cf2295ed45b7b069d99f8afe76a434be01bb492099c
images/train/S_11833720.jpg,4,c3b9eadaf782679b3ddc78935465e64d84a12fbca3a53f4644e2bc6c21b961ab
images/train/S_11833728.jpg,0,b4aa3531c845d69a8cea544ea666971302d0d3eac8e866728d5b6bfa6f558ebd
images/train/S_11833746.jpg,3,108ec004698054a7695b46955b7a698a41bfc79cf4a17423fd32ba45ff2881a4
images/train/S_11833771.jpg,4,4c585d7e1d09cd07ca3e0009cdd52eeaa81fab150bc551ebeed4168d152c795d
images/train/S_11833822.jpg,3,6168b63b31b19c78ba99a5c393ff67058b2a9ca760f1f7c224f5d13854ea9bb8
images/train/S_11833826.jpg,3,a6faaec888492b8aee497664f172b478af3e23918fae7f6023f1d2ceb1f60805
images/train/S_11833831.jpg,2,e5a325c0540c20dee6c844abda58f00893fdde768c7d1950de67819aa0023886
images/train/S_11833869.jpg,2,6476ad686a30e56c64016c3625a584e5babc315c02e8ad75c31aa4b78d69ed43
images/train/S_11833927.jpg,1,1898b4c320193f21fb43843ab8b66a8833d6b30989a2970729da90999ca3e504
images/train/S_11839267.jpg,1,1550db5a24c4ae06dc2eefe55ad392230eba805e5acbe6d13ac5604250acce64
images/train/S_11841301.jpg,3,4a905ca7e6557984163d13e339e1b86044e24ed308836c557e47df0b2bb04250
images/train/S_11841488.jpg,0,006954541d5990603fc1aeb98a5c45862f529e2259bab5f0a99ab9fc4b891843
images/train/S_11841613.jpg,3,9448769b36c7c5ee750f332e1fafb529f702fdf8b1b69990003cb26b65fea7bd
images/train/S_11841616.jpg,0,d490d2f648692c188b5b28276d3f91ea7c63de75277c731fc695f13350332bd4
images/train/S_11845538.jpg,4,729a0676fa644495a8f4cb91d9cf079920cb9cc7ed3bd14385c50182d973c70a
images/train/S_11846750.jpg,4,fe1499841db6e11bb20c58d584c86310f4cde39730c08fce6decd5afc8ddcc7f
images/train/S_11846978.jpg,0,c341a8672e640c6474b9b77edeb46cf0dd68e47d8bf8c22b008a3ffa9366e316
images/train/S_11848321.jpg,0,1c7f95444895c252c4ece46d04deb70130fdbe2be08ce254c61dfb482f90780e
images/train/S_11849023.jpg,1,3bc821c775c3890792fbddd370cf871f33b95e7e31c64791a246fa6e4791f619
images/train/S_11849821.jpg,2,397d4aab0e194cef7d42a9681d89a7bdeb3d80e0a55269ea4909287f9aa84339
images/train/S_11850030.jpg,1,05444dd168f1ab03ecefdd6610e6426e73a6d719f23f055a123584600e33adec
images/train/S_11850671.jpg,1,06e459fe11763def062dc39ecda07a7d1a00d714dd856be27fdf8a398312e916
images/train/S_11854069.jpg,0,f1df75dcd2e7287f12bf2e3f983c0600e097932bd9a4542eb39788af36d0cc75
images/train/S_11857161.jpg,0,9c61816b6f4e6bc40ad4874d5d5c6d0d1041004f758b4da5dc4d457e2e3034a8
images/train/S_11859071.jpg,0,3bd219df9124e23e40be05b0ee18b5546a08433d7a1959a42a21305e701708f1
images/train/S_11862414.jpg,3,3883154d9de4604d58884c7ecf53407e2d67f687194123dc3ab198bdcf6b8e4a
images/train/S_11863542.jpg,3,18ca06ed617c3fa97d1bcbf57b4eb99bc3143d453c3996511bcd1644af138b31
images/train/S_11863684.jpg,1,e4d4730d16aaf5728ba609df12ed7612975fe61b15465501108f274e19709e83
images/train/S_11869127.jpg,1,5b0a1953631e9fcba3206e68e04ba03248af804a7193cbd56239ad90d3689f1a
images/train/S_11871353.jpg,1,3c0b5578daa69563d62127f29aceffba182dd84c572fd90eeaaefe420906ccf6
images/train/S_11873388.jpg,3,0a578bb4bf1209b7a57b945f7e97469a08e7591d8aad2558df65ef9210bd5153
images/train/S_11879852.jpg,1,be878c5e72ea626b214321c3a0b444218eeaffac1c660a410e8a6fab53d551f1
images/train/S_11882946.jpg,3,b2071d29bb53f67a408e500d62278f43cdfd9e8b6f13f4c7b64423f2f2dd8f4c
images/train/S_11883069.jpg,4,fc2ec859f5c817d32f3e66910353cc21b3c99b333f7899804d163bad5b8df7fc
images/train/S_11887833.jpg,0,de2a11e489658c552579f3bf7852c16e24e877a96fbfcf4d7729e2820a02c831
images/train/S_11894833.jpg,0,acdbb4ecb31cad8c101362974414b05db8f9e54af30c76b84e544b76b98592c3
images/train/S_11900281.jpg,4,c020831aed0c41c98be92dcbb6061ac9657b8785df50cd4bf74bfe8b1c2ce384
images/train/S_11906305.jpg,4,1e21558c53324c124d67b1a3ce961804bfcb58d3a3e723491655735aa54683dd
images/train/S_11907175.jpg,2,dc4126a48f6b7046400b9339f5386ff01f3f01bba599d3aa3d9521e28e130553
images/train/S_11915278.jpg,1,e8b964fef53da4240445dd6d5ab7514b651fbe7a052be5743af5c709de016718
images/train/S_11917333.jpg,2,ddbfe6a3feaac111c71e52a96449ddbdc6064905d28924d3f2cd4b1f1bb84675
images/train/S_11917733.jpg,1,7c006924d8eea4c2ec097b35c4f589ed1be4abe651c5b63c0ff0ec911ad3c5e7
images/train/S_11917870.jpg,4,ed5a4f5d2b414299ed888b0c9a1fe5a233c255b96a65c57aa73dabe5d29ff482
images/train/S_11918026.jpg,4,9fc7d0d89f31976a524436464ddc4a2ed8d91a967d865d61b805459c7d5c52d1
images/train/S_11918304.jpg,1,e8d4ad33c15a6a78c5df422a6d2944e68a3980b63614298010431492871e008f
images/train/S_11918307.jpg,0,35a50a81347be640b31817741361f14f822f0a8afc6a92af5258dedab316f09f
images/train/S_11918620.jpg,1,705edf0c855c16f84817d29318b01dfc26270b83106b96506f1df45b21b5919f
images/train/S_11919213.jpg,1,e6d5473fb4a3338ab90a3e89898655df3d87992cb67139efa97292041d4eb622
images/train/S_11920593.jpg,1,a7483d2ba05f56d05cfe2897d2695764a18c780f9c6f3144045bc05fc302f3a3
images/train/S_11922703.jpg,1,86c31ad95b9cd21ac08b7be5cbf17eb27a7fd415433494c0a2a5a17ec74a90f8
images/train/S_11922891.jpg,0,c898aae5c50e8d3ed78b29e6e1a8c388060fa7aff3487485feaa219690578073
images/train/S_11924950.jpg,3,fade3c91bc9712fb6ad394dbacf46607f030a5eb2094c7fe8b01ebc046f354fc
images/train/S_11925076.jpg,4,38db113e530db84c2d7f1f62e27336147585e7e051e085877f9d5986d4d9b099
images/train/S_11926542.jpg,0,4a69e1663057c1b8fa8210e6d862b26eba2511f0475ffb85e34424670e8e4c63
images/train/S_11928765.jpg,0,897096d2f86c5c7afe1c2b5ab29b80d9558d8b2dbcdf31fedd19a4d668c6bdfa
images/train/S_11930933.jpg,0,7a403124b29feecb7ac175e3b45fe6c7b0aa2edf1f28dd11f1a0cdf3327ec1b3
images/train/S_11931105.jpg,4,f71021db01ba3daa74c7534285664b9cfbba43eac53ef5435a645e812546e581
images/train/S_11934517.jpg,3,3dee115af2530efbcc6c491334c8f21bae7de9802452ab2d6e9e70fc7ceb9787
images/train/S_11940179.jpg,2,ce93f83dedaaa1071ebd73372fed99007c1478ce9f6b9212f22e034fa68ac0e8
images/train/S_11941493.jpg,0,33fb9262bdf70971d7ab9183e058b0c889be2b1f8a45d780eeda61ca01009cd1
images/train/S_11942677.jpg,4,1236e344412933d85a125ae8d5ba06532155420c1e6e59ed360610531d4dbfb4
images/train/S_11943386.jpg,3,3d282f70c460c3f3cf663f9605b75c162fce74e3b177ad68cb6e745f9fc33982
images/train/S_12000323.jpg,0,898eb33a08d6a0e97e38c1b64a58c96f79b26b8cb48f81af62749e3460e1077e
images/train/S_12003608.jpg,2,3bf5cefb08a18f86a3122a86b385b25496c1db25b75981757cad5e83f5196f0e
images/train/S_12003816.jpg,3,f468b38eb348fec52d4bdf2b4b1752aa46b288c64ef684e1701dbc070814818b
images/train/S_12006446.jpg,2,f5ef64d9f06ab506e3ed98d51c87f81eaeed45809c7eaa9460c668a46438b603
images/train/S_12012025.jpg,3,b2d6d6be4e0768896d96c2b079c2d63e5513c4ad23cf8b509b023c64f96064d2
images/train/S_12029202.jpg,1,b6a7435617e6a50a716acf25cf676eeec9e0d3cdc077f824e99f61074f6d5bd6
images/train/S_12040955.jpg,2,e683cebc3f2ce8925521856587bb84f4dcab66246d07e6d5e71029e0d4dc4e7e
images/train/S_12053535.jpg,4,129b2fb92f3f564ae8758c6457992dd6b68ea8860a9d878fdf9e84fc5d1b19bd
images/train/S_12054265.jpg,4,623aa37256bf14e50db128677ee9505ec5451020617b98470e5d13fcf5593ebc
images/train/S_12065041.jpg,4,5f36046164eb22b6c32fad605b21f5d4bcb5933c4ccf9951310b2040276eb1fb
images/train/S_12066120.jpg,2,ad2eb638acff1cd43aae3e71e9112b54fc1097404c2a11e8622ea230430a98cc
images/train/S_12066130.jpg,4,75fe4e2cc23013742f1a0a0bc10002b6272ac11e7052ad2bd6899c0b87c6eeb2
images/train/S_12070922.jpg,2,f5bce8e4ef8a0a20bc3146ce0a18629c01618f016b6fccffd525db8f8f1519ac
images/train/S_12074101.jpg,1,8c3c4b35c48f14bc561341b48b0df26fa0eb63afdeae391b8eff8ba7ac1518d5
images/train/S_12081044.jpg,3,8c35b7941a16bcfc76bd22c9292f31586cbc9e3eace8f4814c1d1515305fb641
images/train/S_12084169.jpg,3,6af54b390279fa2cb48add00ab1745800acae58eff14aae4ceaddc7607fd3517
images/train/S_12085666.jpg,2,05d729fff19ea89fb9b96d67869ba595276c9efee58bff13e2bf255845d59937
images/train/S_12085808.jpg,0,cad5edd28334723809345c07d707c301c9f28d8e8a6bb5136b56b5c7a9d03468
images/train/S_12085871.jpg,3,97772a2f294d0eb636d51bbcb0a01f1de2fd12f8ee3697898e452c5e03e8abc5
images/train/S_12091539.jpg,3,21df9856fabbb84a8a8e01fd94dbeb107acb90a61f1c10bb0d8b4dab2e6bd4b5
images/train/S_12091778.jpg,3,8f266fd2fcb5ed6ea14c076f926354687d9358105b50fe7d9ed737f441c26056
images/train/S_12092008.jpg,4,398076ad14dc97920d2a2776552c260780374f22d439739218bf7ff2b090ff88
images/train/S_12093948.jpg,1,852159e757f9bf1cdb4d03ee9dd9995811586363751b3354638616bea683a62b
images/train/S_12095954.jpg,2,dcc58a1a4077304e8678b283762ef1648b9dea72cd51850f976490714d348240
images/train/S_12096475.jpg,2,8c9dc3487b517822d0979618da1fa43954c80bee46dda28401e7a3c5110de19e
images/train/S_12115633.jpg,2,3a15a76af7c865f5a18d1906855509cc8bb5c5637f18d9475b1d68feb78e6738
images/train/S_12122957.jpg,4,b3c24c4f8974499f0007104c3905d15b1ff02756a195d5ecbfcef9fcec213216
images/train/S_12125714.jpg,1,0e76711434d19bab27573491e1e9138663593e70ff5c61d0d234122e9f1327d6
images/train/S_12127799.jpg,2,500961ee6273ed5b5eb45a41daf704dc4f44f5f92385bcca913d95224b25a80a
images/train/S_12128912.jpg,2,115c1cd93eab0dd12cf3163859594003f7e3ff7c3074909483cee8b3143868cf
images/train/S_12156156.jpg,0,b915569996a4f1081d6bf45bb17a2bd8497fdd3080e7cb28c69861cce05f004f
images/train/S_12157127.jpg,3,72af766a6da66e375bc4f43aaa3ba626890c6aa51f2287547081717319511124
images/train/S_12157137.jpg,2,02b9b120ac2734a174177e1ae46756e6fd795066d9cc770ffce14db259909678
images/train/S_12157304.jpg,1,68b389778c504c33012bda8eb8717f41011526633b1c95823acb03a421e23fe9
images/train/S_12157529.jpg,0,967a5a8357acca6423e0e8d36dd8028620d6249eba13784ac1563af252748cb3
images/train/S_12157654.jpg,0,e47bb68b62ace7d8a4b83bf9f83ee4251c123e7de6fd6bdc088e05116ab12c25
images/train/S_12157834.jpg,4,7a6ffa8f756dc0c92ab26bb0cd15c11e6ebd0d25eaeacfcfbb17530de4ecfb76
images/train/S_12157942.jpg,0,6e7ebc98a2c65f07b106c9da5a5c14b37fce637f5a4f4ee967c0a9939facbf78
images/train/S_12159898.jpg,1,dec1f7eaaab6aaa9d333c037cc2cf2cc01e513ddf87f8cb98fa759c93adb03bc
images/train/S_12160873.jpg,2,730cef50b615180c4d23b59aa8fade8d2749d2e447b13efb0d414db839b6641a
images/train/S_12161104.jpg,1,86fdc05eab4f42b826134eaa26b2ec39d20e1c97d607289a89c60ff5bb47d836
images/train/S_12161105.jpg,0,474b4c16ab1fdc998e3c667809d2713d9eb3e597aae220ded082cc1d73b12e9c
images/train/S_12177930.jpg,3,18a291032a804455588150f857c29cd47fd37c6180260299566a3ea4c208e90c
images/train/S_12208687.jpg,1,864e2f11f5fe7f75cc9c5c1e2494a5111e2040054fdf333a6d25f51c5270f498
images/train/S_12220568.jpg,0,7092892828e54cb614f2319f5c0f2a1392db6d3f1352fe3a9e5b2cc1d77ea559
images/train/S_12220697.jpg,3,fff5249ca12273a85eb6a2fdce5465e30df2fd1c260aa4dac5c42779f8489d57
images/train/S_12220756.jpg,2,ef1c10c39a23f059b68ce686de22c4b1759e601abc8bea9dfbe1c132635f239d
images/train/S_12222126.jpg,1,dc7f6cd2c47e55b718ed82a0ef1fde33f559d0968c21003517da226afac36d73
images/train/S_12223297.jpg,3,727f64dfe3aa047e9f0255a68fa1f6fd27fdce3c7c764bd15602ca7006b9e424
images/train/S_12225379.jpg,1,52f53c105f7f0b91a74333daa8af7580bd23b11d9a6893b643983b02206b4eaf
images/train/S_12226425.jpg,3,f15613d230aaa1055b05920ede8a7b6c0c862f50b03049fb10e787aae3b101c8
images/train/S_12236644.jpg,0,616961776593bb5904e431a266ed9137057b7ef1a02592b0b06db2579cd6841e
images/train/S_12236852.jpg,0,256dd922e7ae45c063952024a65835945a4b6d3383867ccf7c5553dd3b9ba4a3
images/train/S_12236861.jpg,3,438a169169b305148834fdcb0ee0a9a4521269d1eb5afae1ab567d8a435b0bff
images/train/S_12236888.jpg,4,d8892c995854893bdd281ec94a8f6891e4191b4383eca9af6f62581e39ccbd7e
images/train/S_12236997.jpg,3,58ec17e30b7649fd378f7012ecf32997e32df514e052c4b363cd431b94f2dc15
images/train/S_12239385.jpg,0,2c7088a95b5e3a4119eed4ebdc7d53860da9ef5ce26d47bb9662bd33bfd13aff
images/train/S_12239468.jpg,3,848a145e923a5c44f15ec752a4539587cc6718b60f41cfef30fc5405182fee97
images/train/S_12253490.jpg,4,f8cc3d5b4d40a97350ec8df0f13e9a805fa9f5e872773919ace663bde516cd69
images/train/S_12323308.jpg,4,28647e720e4f1644c4c3b8edbe9268c37bf6642e18148a35ec321071a4559a66
images/train/S_12326623.jpg,1,61ece1c7a915876a303c0f66b2ccddefff52144afedf978bc2442af9a0d1a8cc
images/train/S_12332734.jpg,0,daf075eda27c1ff4ebf5af3e7f273e4ac69fb8f826788ab8a0abc5204f41e747
images/train/S_12346151.jpg,4,394a26b8e1b253f095f2f82664389bd2bf58a1aca7452540f398a2f3c95ee630
images/train/S_12349091.jpg,2,8242d746be8453015349b14d0944c53667b28c69461e0ae00c49a7be4720fca4
images/train/S_12363373.jpg,4,4c336e58ccdf2eb98f1b1c96d1737c795605ffc3a140f140f45683ca1c26c8f1
images/train/S_12363797.jpg,3,e54e5c280da1a0afec01dac2b6717655b7e95948fcc06e97df141c9132399616
images/train/S_12365955.jpg,3,8a3439401f2e64aba466b6df6887f6fec24df501e8ca947c23c37e1c0123f2cf
images/train/S_12367063.jpg,1,6dbee015a6ea41cde3a40f3bf4275d14cb994f2c298790109dc33f411edd15a5
images/train/S_12368242.jpg,4,40915347cedaaffe9c2fc2e2e72c7648458221145efa056acd9024f0cf89bff8
images/train/S_12369166.jpg,3,0570c7c36bb3ef4486111ab40a62917c403e05f4c0447efa19f46b9ac11ae846
images/train/S_12369938.jpg,4,e70e7fcec2d1f253f01fa2cfbbe4a44482985e8b40955525bbb7e2d42b6074c1
images/train/S_12411294.jpg,4,9fc1fa6784d3e83503db9fdd26dad3e413041493b6a1f40c42da55ecf847dce3
images/train/S_12415895.jpg,3,16f26af91527eef8e3b958565661e2131493ddfad1271f0045fac2bc5558e86b
images/train/S_12416067.jpg,2,1907df757c6f5322dbffafb755e9ec472a973ac25661ccc347e77e34da2a89ff
images/train/S_12439401.jpg,0,9d1a2e920a23cfd4774a3601ddb49c86ea20f293a32d6adc87e25bc05137e0b2
images/train/S_12451962.jpg,2,f3b03b86d489859146d5fb92b3d96f4b60dd0be059fee48a27af60beeb3eea81
images/train/S_12459545.jpg,0,f7211184d79783548b6aa8f42cf1bd09958536be2fe9fddb344b530af27ca96c
images/train/S_12462882.jpg,4,cdd2de074c168f1ac3afe4fbaade28086bc30ac4e3a571c0bb4f745ebb08487f
images/train/S_12462991.jpg,3,8bea1c8920783c165998c91aea992eb210542427d65b2dfe5fbb64ba6a356303
images/train/S_12466711.jpg,1,4bf33df60b57b48d690ebe613cf2405b2d0d01fffea02f602c5c19b630649bfc
images/train/S_12466886.jpg,0,dba17f30258abe01a1d801d9e5bfe76ec58b16b97409c2275e2799388b85d9d5
images/train/S_12467447.jpg,1,8516c430a28e0cd135bd9cd71de076413a473555877a7de3ff3341dd71bac38d
images/train/S_12481433.jpg,4,cb3b75080608d25982060d7e385c57c3d888a7b580401566655f0d9e9777020d
images/train/S_12481452.jpg,2,0e9fe42a3ac9fae23713d6b2cd4874b34de231cd9cadffe75bd1b521c91b600e
images/train/S_12494175.jpg,2,5fc3fbf7086e08667b624f15a1e7e8e2c09fc527e9db939c8605ba80156a323a
images/train/S_12504184.jpg,0,6aed52af6bcb4714db9cc3e33db1671b659f8fac3a999bc19f08e3de9cd262b3
images/train/S_12511329.jpg,4,71a646b40b4665e4d4ea7df253718c87e55ad97a1c77f67ad273a297bb4a0cfb
images/train/S_12511349.jpg,4,92e6725e72a8098ea30f20eb359b87877b8619d2024a2ac7c56f9fe531b371fb
images/train/S_12511586.jpg,0,f91d97e33440a26f46e2c5466a0a568104a265fa5fcbb6d8afed1c11cb7a7666
images/train/S_12540614.jpg,4,f6d94ec2c86983bd70664f5a359c7a0512abe26aaa4257084c0aece2c1119acd
images/train/S_12544307.jpg,3,c723225107f8d860259b64d26e14998f7ba526ed7b64268f25a4ffba0f905ec6
images/train/S_12571071.jpg,2,198c703b2416a321e3e6322883fb3d4bb27fab1d59f3e16160fd2e4bc1cdb7f3
images/train/S_12588225.jpg,4,68cb4271183acedcaa717bef43750b5376faf04f74bf1d2b2cae5f4ede66901c
images/train/S_12599629.jpg,3,f03ddfcc3aad90cadc99579e91fb501886028a2c6cbce5a20093736372df2bb6
images/train/S_12600154.jpg,0,7c2018fa453c00e6aa8fe09ca07d47a10a393499784b0be9ac7f4a3b968abd3a
images/train/S_12602146.jpg,1,43296024e68be2ce54266c11d82fdb2bc37144152234ce5ebc4427f2bdf9306b
images/train/S_12614420.jpg,3,d0f58a2a3de58771b39e09c52fa4b76cba3f3463086e52cd7f67f28828b47b7e
images/train/S_12614456.jpg,0,90acc599e1905d1c29e7eb2552655271c1626b96885ed93b6d3ccd2a696ffb58
images/train/S_12614457.jpg,4,c1fd65ceb5f4ad436a283b8f515fc78d61ae707e1a501d19d664a7ec8c04e679
images/train/S_12616645.jpg,0,b4d417db9bc4c621d49463db6d61c9a39fe40cc30835c159c9988c0188b989d0
images/train/S_12616932.jpg,0,76a1784aeab2e410b9a5ad6d7f5cc483f5bb447d39c6bc12e11ec93c29c16f48
images/train/S_12616987.jpg,1,2e411e762bf00f889cbdbd041673f6e6d88984cc8bf516b7f71b0d1790df4a8b
images/train/S_12617096.jpg,4,f9ca71ceabeebf3ddfbb9e3d90a1cec1b2fd9c3bd069f26e2911a4f4291f58f4
images/train/Y_000012.jpg,0,8824cd8e7808a2f1b04b9acbe524fe6ead3b15bb83b517cde5090362c4554c46
images/train/Y_000019.jpg,4,4ffa01bb8ffec8735ccb0aab7c3a79e03b3c6802ad6b7340fae1a314e00516f6
images/train/Y_000030.jpg,2,28406037f0152c92b15f4e89915f844f109bbf65c75b2caacf9e6dbf1b40e699
images/train/Y_000069.jpg,3,9570965684472ad4374678482c5fbe17cf06c348e99d4fb0fbee862916fbf7e1
images/train/Y_000082.jpg,0,7802085b1f36c7ffab2782703450ba2410dde3be9165636461ba034cfef4ea0d
images/train/Y_000117.jpg,0,462c5e33fad5ee64fcbc201102a0aeb7cb1abb927587b5137bd2319ae00a2b74
images/train/Y_000143.jpg,3,6e1b17313d3931d8e183e7fac591a779559dd76a7dabb0938b1b569bef74af16
images/train/Y_000189.jpg,1,f933c2e5892b4e99d2ea8ff0733b82d0f56d844379ef0663d6dd9f58f4f245c7
images/train/Y_000190.jpg,4,9e8990e4ccd62492b0e750e8b7b379270047e5909c2ea0f52618318e26cff9fc
images/train/Y_000241.jpg,4,a77d4b5e030a7ce4c48ab53b657d48a34098ded5b66d45c509c39de8bd2ce131
images/train/Y_000245.jpg,1,469e7d6aa7f8c27115c30ca70a325b9787c1201af8636b1d575b15716b80a690
images/train/Y_000281.jpg,4,3d8bd7bf3c20b87f45077bd8e4236b0cb4862a3a0580cca1b00cb8366284f6a3
images/train/Y_000286.jpg,4,9bc8bead5d291a5342f3da30d9f7a0974b50b6532dd7ff607e858b20417adf1d
images/train/Y_000299.jpg,3,ef84ea593874d5cc298f15d83487051a58b0d06c0a20f7aede034a0ac381e173
images/train/Y_000329.jpg,0,2b2944576bf9522c0722035104ccf3a03458f7db82223474462ec2dca9df8cfb
images/train/Y_000396.jpg,2,7be58e52d059fc9d9a394e736d33880753c61db2326b7aaf415e3596d653597f
images/train/Y_000414.jpg,1,03bb0737ad15a7ce41022e31db1b4a54f3b2b7f24fefff1f99774798e9d19864
images/train/Y_000416.jpg,0,ccdbbc36caa1d9cc6d3d4850d8a5960726a12896002ecd39f8e5e0bf3300f973
images/train/Y_000423.jpg,2,be04b95c8fee97c5f314097bd3f3568481945602360d317083545c2eb2af8f38
images/train/Y_000458.jpg,0,d5c4cc2cb8f931cf214e9f20339bcf4d6dda9285fb33e80832fc732a5e9f87af
images/train/Y_000470.jpg,3,415dfe7ed9c719837b307a36b90097f38a6fb8c0494959a75f40742d1a65a784
images/train/Y_000477.jpg,3,ceae3191c034a87ba20c52ccf809df6d78c7c29deedada7d4b3dc0912daff7c3
images/train/Y_000546.jpg,0,a1d587dc4123862d048d068fe8169c35cd610b7cd874e237d19f3b6e379dc5db
images/train/Y_000584.jpg,1,4768e67ac65b6a15c99488dca83eaf92495c79dc1968338d42d5964c5b9f00d5
images/train/Y_000586.jpg,1,737eebee1ca1a1010c684148dc2b39d67914c1990a003d7717ff97ee1eb4797d
images/train/Y_000605.jpg,0,32ad29dcf3962144342c615666c8a3d775add6e01188d617710a36ffda1a5dcb
images/train/Y_000608.jpg,1,7714b716a8f90f1a770265ea052c0bc57617d3a604b351d828290951584ce831
images/train/Y_000614.jpg,1,888cf4786ba7355904ff3e8882f695218413bb3fe2b999926ab31d4a21eeec47
images/train/Y_000664.jpg,1,c881f01372cd86f9037eeccc9ea8f3aa5a91a5ac040ad9ead9cbd41d803348a7
images/train/Y_000673.jpg,0,ecee87add74996e618e50e24a440fbda1aadf6d0ce997d384c0796187278dfbb
images/train/Y_000696.jpg,3,96860c073e742dedde64be3cc34b9c8cfe1cb59397e288f5456620ba5677a1c5
images/train/Y_000704.jpg,3,0bda7cc6290f0ef143312568900879c4f1b709cfa0e1f104e105e3b768cae6a3
images/train/Y_000714.jpg,1,c37cbd7237185b49a43578947d0dd60aecfaf8b54d4a85fc75ecc17e428d1e6a
images/train/Y_000715.jpg,0,66201e0b9351d93ec472db2e05e5500f4f373da21bb8455fcd4fbe65916cb209
images/train/Y_000724.jpg,4,b42847d63e3cd23960c64232f7f8f02a48fba6573b9021b524adfe029614d130
images/train/Y_000745.jpg,0,314bd3f3fecb08f44ae18e330358d94f4f1a7f9d9b09e8915dfa17e11fc165a2
images/train/Y_000750.jpg,4,e9bb6fe59154d2eaa43cb6b3277e661ead69db06ca651dc4674af2a2ba21b4a7
images/train/Y_000755.jpg,2,282e2f9cf9059d5b9169093d3f129cf7a8f4345f0b4ab8aa0fc1b9591bd1ec5f
images/train/Y_000769.jpg,1,756617ef524190dc62cc700feda26a6ac728102bdcf8a95db4b7244b6e2c45c9
images/train/Y_000774.jpg,1,c89571b7d9fcdf6f9370c1817c07eadd74daa78c2080dff174dd336017c4b34d
images/train/Y_000781.jpg,0,de54c91d346149bd82697d32890481bce1c634e164cc56adcf0adbb96adc9136
images/train/Y_000815.jpg,2,6882efebb8e8941b705c775c5148c444b9b48b98c65f3e984a4eea876ce0dadb
images/train/Y_000853.jpg,3,025eba5079f3f329f55c10075b42a7c750eb4899b0b1999ad00454673be16433
images/train/Y_000882.jpg,1,f4094b6de4eb8d77b654b11b5b68b9e2d656f393836999c58586db5686d42131
images/train/Y_000884.jpg,0,9132eb56fa9ed1873e12b8f606c61aab729c7bd00069138620efa2ba97ae42aa
images/train/Y_000886.jpg,4,111e3f549ae2668a185a5d799ede883353fc7037e38a8656f2d8dc3b4425a7aa
images/train/Y_000903.jpg,0,2403a433e006751186d1e8611bb0242a307f821553de5a86e717e30d252ac462
images/train/Y_000906.jpg,0,abfe51bb35b67a0796fe98ef37401e1270ce81407bb0d3f0cffd7d7706f1a009
images/train/Y_000912.jpg,1,aa569b4e4ecb7988c9c1c08c6b0ff52a1380b53c2631d8122511ec228ffda8c9
images/train/Y_000915.jpg,3,3ab7bdb99ef9da77bf7cac96f54f196618945d70f5baf8b68676cf5b46e85016
images/train/Y_000925.jpg,1,2e06b97b6a026275f1eeca6d160fb69ec839f484fbede822057f67df3e244915
images/train/Y_000932.jpg,4,355e8e1a48cfb9810d282d359be9e0c7d647b30a4d24cead4e973f5560f898aa
images/train/Y_000945.jpg,4,1e75d2abffaf8ff4b8a5b81b579d7a66c2fdac6a29a157b93df8d73b23ba48f7
images/train/Y_000956.jpg,3,ec6e629f3d0d01806bf634772c6995a29bda2363ccef50b6bc8834533a948ebd
images/train/Y_000979.jpg,1,0b4e9ca90c95a4293a4e481c407e909a1485e36bdad02f687553f14a0a8cacc1
images/train/Y_000988.jpg,1,d6be8505099fdfd4c123c2280aa6eb422bd7a2134a6c33bfa0fc061da0cbd25c
images/train/Y_001024.jpg,4,c557a639e4dcbb8efd45f5a8e73c15f9d70163bec61f4cdbb35c1dba937fad81
images/val/Y_001026.jpg,4,c557a639e4dcbb8efd45f5a8e73c15f9d70163bec61f4cdbb35c1dba937fad81
images/train/Y_001037.jpg,3,364d0f297da6ffad00a0c2a713efd6dd6409009dc17a688b4e16dbf82397e4a3
images/train/Y_001168.jpg,2,22747003dfc1ec7dd117af9377a83122744969404b719ec606123e33d19e2cc5
images/train/Y_001183.jpg,0,18ab25963ce356726c4de0364a20b3c73e460b83a2dcb885a2e9cc9a0be58582
images/train/Y_001257.jpg,4,a70efb2188bf16716732048d79b7133bafdea38439635df65b2e049b8872559b
images/train/Y_001289.jpg,0,efeb81e9501cc8ab33feddc148ca4ceca6a0e85d84b32d571e7d1cbddb2601a4
images/train/Y_001476.jpg,1,d09f69ac4c8cf966d93d32b2f5a4d570459652ad4f8d7fef2d7fc2d62b53a45d
images/train/Y_001499.jpg,3,6cc19a521e6315571fefc8d77344dff77d543968f6ee0474bd81caff660988c3
images/train/Y_001614.jpg,2,3c036629679ee28565be55d0f450f4fe3b88a9ba77497b890c62d6d1a2b421ee
images/train/Y_001624.jpg,0,51a3e808a9c4ca9c3600effd226181f64b2d06ff8dfaa924e82682c602ff38c4
images/train/Y_001782.jpg,4,4113ada06342fb75299c6054620c3a5d7c3732f2947c863bb5f8de6d2f7dbb3b
images/train/Y_001797.jpg,0,dd9ab4e21043b90e58b3b3ad41afcc8e7ce92ec3bee69274e8013df2cacd6164
images/train/Y_001805.jpg,0,98e9c2dc4995b3e83a95aec649213556e603abd0dfe59c8285248f7aa4fc08d3
images/train/Y_001851.jpg,3,f926bb499077b84516bfd7c1372e4b4255af4fb7a8a4b35a415748e10c3270c9
images/train/Y_001855.jpg,4,3ab8cac66504966e5eb42e7197d6ff873d27b6483b6abed7d9c66961c237d1b0
images/train/Y_001868.jpg,4,f2103a5f13462aa7d53160bccc894951865ddaf6ddd78611b1c3d262e74925f5
images/train/Y_001878.jpg,3,52a8944197d527339741549656e27603153dce30a991c4326d5f2093e71d3b8d
images/train/Y_001892.jpg,4,e6a5f395c1814a582b305d9f4740100b354f0c8e1b44f6a14306b1bbfd1b22c2
images/train/Y_001904.jpg,3,e08662691ea48b2ead6fd139ccd82c64ead9a38e40002aa2b192d88ce1be637d
images/train/Y_001917.jpg,3,c2ee3235cf9645a0f9465ab21fbfd7c702d8deb9a6b0be72d18a19e20b0d9679
images/train/Y_001918.jpg,2,a5cc452b782c27648f0013737054fcc5b7001635c5e1bb3700ce61abdfeb5301
images/train/Y_001930.jpg,2,d8f67b0637cf12762ec9b60d82e3d4599dc8da268d94e790c06c9d35e2d163a1
images/train/Y_001988.jpg,1,0fbc0e93b99a6cbe10c452ab206274aa49d4c1eda3c6222f0a90d946c7d7bec7
images/train/Y_001995.jpg,4,561f23d647800fca11f0ff4145a3c097505e2e7e48b4bcedde82f78a7f20aff2
images/train/Y_002004.jpg,0,89baf51b2d0099f3aa061f826b2e5ab6afea3cf0340cff495cc7fbe7d378bd9e
images/train/Y_002065.jpg,4,4adcb7cd1e2f6f0a2c950174dffa50d81b6de3e802770fcc3a5404c31f70b721
images/train/Y_002082.jpg,0,9d272361fa353ddbe7b35c5df243383e93d26e66289c292e6aac20b17cac6768
images/train/Y_002084.jpg,1,a63f9b827238619d0febd00a78162a83a68f12bfc7318bce25865f5fc9499428
images/train/Y_002087.jpg,1,addb853f6528574e69567715a951488ee365e40bf468e7d98b8b2b4d7883e1ab
images/train/Y_002092.jpg,0,6da7007a37847db6cffec2f4b6b96e991e6085b4cf2f7baef8ec1c01440447e2
images/train/Y_002130.jpg,4,567e5e2191ed63ed0fbfe45111d030edd57acd426a87b451dd7133bd2bf7fc07
images/train/Y_002147.jpg,3,52a3b64f84e4ce5fddfb1d799a1155893249e9459a62afa180c4364391018114
images/train/Y_002164.jpg,1,f3aa5086769d30472a8a0556977a047b2354b522bfd19d70196deb1fa16a5865
images/train/Y_002167.jpg,2,67deafc450f6ef0c5d4accabc8b1241a15b823896df584d25920f2d750a2ca0d
images/train/Y_002178.jpg,1,959fa42aca3e0e5ea0660d14ec4387c33d8d05cf06e826d6a7d379b341395bb9
images/train/Y_002186.jpg,2,3a2f67139c3c844d317ce270b40f6e0cca4f3dc95afacba300f9950769b56d38
images/train/Y_002201.jpg,0,6dc34deb38ec8decd627f5e753267e91ce8ea366a7720cd30c26b8ac741082e0
images/train/Y_002220.jpg,2,a3bcba31d89e2cb866b9bf75042e415c6e77de2295a527426ac5eb48e4f313c7
images/train/Y_002221.jpg,3,cd9ecf39f2d99a60ad8f3fbbfb209cee61b9de92698ef67a2b42de0b35a8d0ba
images/train/Y_002227.jpg,4,3fec88bb379321abda02fd61896623e3d07475318d6df7bf6902334f03244d6b
images/train/Y_002275.jpg,1,273505fdb143a21fe8a63f466d649165db153a317eccc795876aeb80059bb6ee
images/train/Y_002296.jpg,4,e3352c08a5ab925b582103242fb1dee934cc1b15811c482cec78a567b76591ca
images/train/Y_002303.jpg,2,89ceba83c817f81886ecfa97d5eefe5c413bba316c5488392626a10e0a3c819f
images/train/Y_002333.jpg,3,91920f9a53cbcf0cb6688e622c187e9591552bc2af2c56912ac376c236c0b4d1
images/train/Y_002371.jpg,2,fe6f5c9c74ad724339de2fa8fd570dcf883b25fb958a56fc48d0f79582b5527b
images/train/Y_002393.jpg,3,b334763e062534d8ad3e0220d745940505bc8d6bdbe42e6ab350c67bf2759195
images/train/Y_002413.jpg,2,e29e053a3b11500da9909f94346e205acb1420a8aa3080f7bebebcaa09d14496
images/train/Y_002482.jpg,2,456bea9221d2c806cc4cdd3ab56f704f6303cfa90ac98caef9446dd6a58e203a
images/train/Y_002483.jpg,4,c774e8a9c8640fac71166c28789c3c0c676fa6774dcacdb6619e523ee467d326
images/train/Y_002484.jpg,3,b225aac8a0c99402dabe043072a0af677dea90346942dcef5fe1d3150156376f
images/train/Y_002505.jpg,0,1bc492efab64e95a88537a22decbaa573a9b49979e7286c70376b4db6a33215a
images/train/Y_002547.jpg,4,e220ce8348c9d09e4f436e1c0edd040dda8b3e3b68b8eee4f78487c509fb1899
images/train/Y_002548.jpg,1,f30f9882437388901b4c6c32afc764f9a60e962d22b3d910a685d1f6a64b30a7
images/train/Y_002563.jpg,0,e762097dfff3a520136a30760ace5cc971fff60b8ad8c3efdf6cbdbf4e6700eb
images/train/Y_002566.jpg,2,bb678509f32805058c8b45c6bbead348a1bf8f56563ca8565837cc32df5a71c5
images/train/Y_002571.jpg,4,4adb7692d2b2cc1cd38d165b6628299e2fce58fda9b7958c0f95a6186bdace22
images/train/Y_003653.jpg,1,f670062eb5e46277a6b354d51383ffa16ab7770a37ab3ffc997741e7c4fdc43e
images/train/Y_004063.jpg,0,5a8fed9023f09a74ad6f9fea1208108266e6d26f8408d31873fb1db70228d531
images/train/Y_006375.jpg,2,e977dfa134781af642d87caafca37ce0cd2f42f4a5a550469088841eface32e8
images/train/Y_008515.jpg,3,39cd68a2d73d0d05bb4ff5824b16baa6611f2f3a149a5441ab10c7ea0b9898cd
images/train/Y_008530.jpg,2,5ce9c1a126ca0ec31337c9bcdce329db1a4608c54b71be5965d951c49e2a9508
images/train/Y_008537.jpg,1,69e5439c5ab4f9d6a0f4ba372c146737b6e7b30cb4c85e06bf17a8fc33b4f60f
images/train/Y_008570.jpg,4,fac16f91edc4a50563a241cb405f994ef554df73cd7e31bd4bd7e3340a45af06
images/train/Y_011315.jpg,3,953290c5b3afc336d0b6c725859e202a6e617f1cd2a990e3dafe4f433b0e3ebc
images/train/Y_011492.jpg,2,84636e29d2a3cd6d4a6a5130fe07bb70bc55b2ab35c4ec9204ff4203357e3a46
images/train/Y_011500.jpg,4,356252abe46ad3a7ea6dcb58af1d29cdc068afde538a0098599fe4fae8b57beb
images/train/Y_011621.jpg,4,811f9c58b6a0718fe7e61fbfe04d81820760f0b3d0a7de60654d61617d8dbe00
images/train/Y_011626.jpg,1,e7d9d76c778e4eb07e9d16b86897aba377fe0466cecb17646d4f9a24581444d3
images/train/Y_011640.jpg,2,3c603c73e81f282f4565dd344f0822a5bd093921904c88a86760ddd0815ec04c
images/train/Y_011778.jpg,3,114aa3dac1afab4480d089206fe9f43b9569b035ceaee76e55e8c027d51aa346
images/train/Y_011792.jpg,1,9842086c4f88dcc94cbbbb799af9215dc9ab33f110f64b490052ef2c1627999d
images/train/Y_011859.jpg,0,0d61b438443b003f14d22ef9b028d5897e508f7281f0294b119aa8dfed842a72
images/train/Y_011861.jpg,2,e68705335750e50b76f17c9962740e59894e55dae5b3cb87daa87e7c6fc3c024
