pipeline,repetition,crops,seconds,detector_passes,milliseconds_per_crop,throughput_crops_per_second
baseline,1,821,7.449026374029927,821,9.073113732070556,110.2157461627886
trustpcb,1,821,766.5605374419829,9852,933.691275812403,1.0710178255975475
baseline,2,821,7.446517821983434,821,9.07005824845729,110.25287518634055
trustpcb,2,821,767.8472754160175,9852,935.2585571449665,1.0692230425056657
baseline,3,821,7.45337704999838,821,9.078412971983411,110.15141116471203
trustpcb,3,821,770.9421189279528,9852,939.028159473755,1.0649307903188063
baseline,4,821,7.484331190935336,821,9.116115945110032,109.69584042383853
trustpcb,4,821,769.2612648549257,9852,936.9808341716513,1.0672576893038175
baseline,5,821,7.425798284006305,821,9.044821295988191,110.56050388121517
trustpcb,5,821,767.419643583009,9852,934.7376901132875,1.0698188492632654
